,Date,Wheat,month,year,month_name
0,2012-01-02,653.13,1,2012,January
1,2012-01-03,658.38,1,2012,January
2,2012-01-04,650.13,1,2012,January
3,2012-01-05,627.38,1,2012,January
4,2012-01-06,624.63,1,2012,January
5,2012-01-09,642.38,1,2012,January
6,2012-01-10,639.63,1,2012,January
7,2012-01-11,643.25,1,2012,January
8,2012-01-12,605.88,1,2012,January
9,2012-01-13,601.63,1,2012,January
10,2012-01-17,604.88,1,2012,January
11,2012-01-18,592.13,1,2012,January
12,2012-01-19,606.13,1,2012,January
13,2012-01-20,610.63,1,2012,January
14,2012-01-23,619.63,1,2012,January
15,2012-01-24,633.63,1,2012,January
16,2012-01-25,641.63,1,2012,January
17,2012-01-26,653.13,1,2012,January
18,2012-01-27,647.25,1,2012,January
19,2012-01-30,643.88,1,2012,January
20,2012-01-31,666.63,1,2012,January
21,2012-02-01,674.63,2,2012,February
22,2012-02-02,661.63,2,2012,February
23,2012-02-03,660.38,2,2012,February
24,2012-02-06,668.63,2,2012,February
25,2012-02-07,661.13,2,2012,February
26,2012-02-08,661.13,2,2012,February
27,2012-02-09,645.38,2,2012,February
28,2012-02-10,629.88,2,2012,February
29,2012-02-13,641.88,2,2012,February
30,2012-02-14,634.25,2,2012,February
31,2012-02-15,626.13,2,2012,February
32,2012-02-16,627.13,2,2012,February
33,2012-02-17,644.13,2,2012,February
34,2012-02-21,633.63,2,2012,February
35,2012-02-22,644.88,2,2012,February
36,2012-02-23,640.88,2,2012,February
37,2012-02-24,642.25,2,2012,February
38,2012-02-27,653.75,2,2012,February
39,2012-02-28,667.38,2,2012,February
40,2012-02-29,667.88,2,2012,February
41,2012-03-01,663.0,3,2012,March
42,2012-03-02,672.25,3,2012,March
43,2012-03-05,670.88,3,2012,March
44,2012-03-06,657.13,3,2012,March
45,2012-03-07,638.63,3,2012,March
46,2012-03-08,634.63,3,2012,March
47,2012-03-09,640.88,3,2012,March
48,2012-03-11,639.25,3,2012,March
49,2012-03-12,651.13,3,2012,March
50,2012-03-13,649.5,3,2012,March
51,2012-03-14,646.25,3,2012,March
52,2012-03-15,663.63,3,2012,March
53,2012-03-16,672.13,3,2012,March
54,2012-03-18,674.5,3,2012,March
55,2012-03-19,652.25,3,2012,March
56,2012-03-20,642.75,3,2012,March
57,2012-03-21,640.75,3,2012,March
58,2012-03-22,648.75,3,2012,March
59,2012-03-23,654.63,3,2012,March
60,2012-03-25,650.25,3,2012,March
61,2012-03-26,658.75,3,2012,March
62,2012-03-27,640.88,3,2012,March
63,2012-03-28,633.25,3,2012,March
64,2012-03-29,616.63,3,2012,March
65,2012-03-30,658.88,3,2012,March
66,2012-04-01,663.5,4,2012,April
67,2012-04-02,653.88,4,2012,April
68,2012-04-03,658.38,4,2012,April
69,2012-04-04,641.25,4,2012,April
70,2012-04-05,638.63,4,2012,April
71,2012-04-08,641.63,4,2012,April
72,2012-04-09,641.38,4,2012,April
73,2012-04-10,622.75,4,2012,April
74,2012-04-11,629.88,4,2012,April
75,2012-04-12,639.88,4,2012,April
76,2012-04-13,622.88,4,2012,April
77,2012-04-15,620.25,4,2012,April
78,2012-04-16,618.75,4,2012,April
79,2012-04-17,616.13,4,2012,April
80,2012-04-18,613.88,4,2012,April
81,2012-04-19,625.88,4,2012,April
82,2012-04-20,616.88,4,2012,April
83,2012-04-22,622.25,4,2012,April
84,2012-04-23,633.0,4,2012,April
85,2012-04-24,638.75,4,2012,April
86,2012-04-25,627.25,4,2012,April
87,2012-04-26,636.0,4,2012,April
88,2012-04-27,649.38,4,2012,April
89,2012-04-29,648.88,4,2012,April
90,2012-04-30,652.63,4,2012,April
91,2012-05-01,640.0,5,2012,May
92,2012-05-02,616.13,5,2012,May
93,2012-05-03,618.13,5,2012,May
94,2012-05-04,608.88,5,2012,May
95,2012-05-06,608.88,5,2012,May
96,2012-05-07,611.88,5,2012,May
97,2012-05-08,617.25,5,2012,May
98,2012-05-09,602.38,5,2012,May
99,2012-05-10,600.88,5,2012,May
100,2012-05-11,596.63,5,2012,May
101,2012-05-13,598.75,5,2012,May
102,2012-05-14,598.38,5,2012,May
103,2012-05-15,609.13,5,2012,May
104,2012-05-16,638.88,5,2012,May
105,2012-05-17,657.63,5,2012,May
106,2012-05-18,694.88,5,2012,May
107,2012-05-20,703.88,5,2012,May
108,2012-05-21,697.5,5,2012,May
109,2012-05-22,683.88,5,2012,May
110,2012-05-23,669.88,5,2012,May
111,2012-05-24,665.38,5,2012,May
112,2012-05-25,679.88,5,2012,May
113,2012-05-29,660.25,5,2012,May
114,2012-05-30,652.25,5,2012,May
115,2012-05-31,645.63,5,2012,May
116,2012-06-01,613.25,6,2012,June
117,2012-06-03,613.5,6,2012,June
118,2012-06-04,628.25,6,2012,June
119,2012-06-05,615.63,6,2012,June
120,2012-06-06,625.63,6,2012,June
121,2012-06-07,635.25,6,2012,June
122,2012-06-08,630.13,6,2012,June
123,2012-06-10,630.0,6,2012,June
124,2012-06-11,627.25,6,2012,June
125,2012-06-12,617.88,6,2012,June
126,2012-06-13,619.13,6,2012,June
127,2012-06-14,621.25,6,2012,June
128,2012-06-15,613.88,6,2012,June
129,2012-06-17,615.5,6,2012,June
130,2012-06-18,631.5,6,2012,June
131,2012-06-19,649.63,6,2012,June
132,2012-06-20,658.63,6,2012,June
133,2012-06-21,658.5,6,2012,June
134,2012-06-22,674.63,6,2012,June
135,2012-06-24,702.63,6,2012,June
136,2012-06-25,747.0,6,2012,June
137,2012-06-26,741.88,6,2012,June
138,2012-06-27,747.88,6,2012,June
139,2012-06-28,742.38,6,2012,June
140,2012-06-29,758.88,6,2012,June
141,2012-07-01,773.38,7,2012,July
142,2012-07-02,775.5,7,2012,July
143,2012-07-03,799.13,7,2012,July
144,2012-07-05,828.0,7,2012,July
145,2012-07-06,807.13,7,2012,July
146,2012-07-08,821.5,7,2012,July
147,2012-07-09,817.75,7,2012,July
148,2012-07-10,822.5,7,2012,July
149,2012-07-11,829.38,7,2012,July
150,2012-07-12,845.5,7,2012,July
151,2012-07-13,846.63,7,2012,July
152,2012-07-15,866.88,7,2012,July
153,2012-07-16,896.13,7,2012,July
154,2012-07-17,883.75,7,2012,July
155,2012-07-18,898.38,7,2012,July
156,2012-07-19,932.63,7,2012,July
157,2012-07-20,943.88,7,2012,July
158,2012-07-22,932.25,7,2012,July
159,2012-07-23,891.88,7,2012,July
160,2012-07-24,863.38,7,2012,July
161,2012-07-25,893.0,7,2012,July
162,2012-07-26,879.88,7,2012,July
163,2012-07-27,898.75,7,2012,July
164,2012-07-29,909.88,7,2012,July
165,2012-07-30,911.0,7,2012,July
166,2012-07-31,892.63,7,2012,July
167,2012-08-01,881.63,8,2012,August
168,2012-08-02,861.5,8,2012,August
169,2012-08-03,891.13,8,2012,August
170,2012-08-05,885.13,8,2012,August
171,2012-08-06,891.88,8,2012,August
172,2012-08-07,887.5,8,2012,August
173,2012-08-08,899.75,8,2012,August
174,2012-08-09,915.25,8,2012,August
175,2012-08-10,887.0,8,2012,August
176,2012-08-12,880.75,8,2012,August
177,2012-08-13,859.38,8,2012,August
178,2012-08-14,845.63,8,2012,August
179,2012-08-15,846.75,8,2012,August
180,2012-08-16,863.75,8,2012,August
181,2012-08-17,873.88,8,2012,August
182,2012-08-19,872.25,8,2012,August
183,2012-08-20,879.38,8,2012,August
184,2012-08-21,896.88,8,2012,August
185,2012-08-22,895.5,8,2012,August
186,2012-08-23,874.38,8,2012,August
187,2012-08-24,867.38,8,2012,August
188,2012-08-26,892.0,8,2012,August
189,2012-08-27,878.75,8,2012,August
190,2012-08-28,875.88,8,2012,August
191,2012-08-29,902.25,8,2012,August
192,2012-08-30,903.5,8,2012,August
193,2012-08-31,888.63,8,2012,August
194,2012-09-04,886.5,9,2012,September
195,2012-09-05,867.88,9,2012,September
196,2012-09-06,890.75,9,2012,September
197,2012-09-07,905.5,9,2012,September
198,2012-09-09,908.63,9,2012,September
199,2012-09-10,888.5,9,2012,September
200,2012-09-11,883.88,9,2012,September
201,2012-09-12,889.88,9,2012,September
202,2012-09-13,901.38,9,2012,September
203,2012-09-14,925.88,9,2012,September
204,2012-09-16,916.13,9,2012,September
205,2012-09-17,883.63,9,2012,September
206,2012-09-18,866.75,9,2012,September
207,2012-09-19,885.0,9,2012,September
208,2012-09-20,880.75,9,2012,September
209,2012-09-21,898.88,9,2012,September
210,2012-09-23,902.63,9,2012,September
211,2012-09-24,886.25,9,2012,September
212,2012-09-25,887.75,9,2012,September
213,2012-09-26,872.88,9,2012,September
214,2012-09-27,855.88,9,2012,September
215,2012-09-28,899.38,9,2012,September
216,2012-09-30,895.63,9,2012,September
217,2012-10-01,880.25,10,2012,October
218,2012-10-02,867.63,10,2012,October
219,2012-10-03,870.38,10,2012,October
220,2012-10-04,872.25,10,2012,October
221,2012-10-05,856.88,10,2012,October
222,2012-10-07,858.88,10,2012,October
223,2012-10-08,862.5,10,2012,October
224,2012-10-09,864.25,10,2012,October
225,2012-10-10,868.75,10,2012,October
226,2012-10-11,882.38,10,2012,October
227,2012-10-12,856.88,10,2012,October
228,2012-10-14,852.88,10,2012,October
229,2012-10-15,856.13,10,2012,October
230,2012-10-16,846.5,10,2012,October
231,2012-10-17,856.25,10,2012,October
232,2012-10-18,868.5,10,2012,October
233,2012-10-19,871.13,10,2012,October
234,2012-10-21,873.88,10,2012,October
235,2012-10-22,877.13,10,2012,October
236,2012-10-23,867.38,10,2012,October
237,2012-10-24,878.38,10,2012,October
238,2012-10-25,874.75,10,2012,October
239,2012-10-26,864.0,10,2012,October
240,2012-10-28,861.25,10,2012,October
241,2012-10-29,857.75,10,2012,October
242,2012-10-30,860.13,10,2012,October
243,2012-10-31,866.88,10,2012,October
244,2012-11-01,865.25,11,2012,November
245,2012-11-02,866.25,11,2012,November
246,2012-11-04,867.75,11,2012,November
247,2012-11-05,872.0,11,2012,November
248,2012-11-06,876.13,11,2012,November
249,2012-11-07,889.38,11,2012,November
250,2012-11-08,900.63,11,2012,November
251,2012-11-09,887.25,11,2012,November
252,2012-11-11,883.88,11,2012,November
253,2012-11-12,858.63,11,2012,November
254,2012-11-13,854.25,11,2012,November
255,2012-11-14,847.63,11,2012,November
256,2012-11-15,846.0,11,2012,November
257,2012-11-16,837.13,11,2012,November
258,2012-11-18,837.63,11,2012,November
259,2012-11-19,843.38,11,2012,November
260,2012-11-20,843.88,11,2012,November
261,2012-11-21,845.13,11,2012,November
262,2012-11-23,847.13,11,2012,November
263,2012-11-25,859.75,11,2012,November
264,2012-11-26,864.5,11,2012,November
265,2012-11-27,886.0,11,2012,November
266,2012-11-28,886.88,11,2012,November
267,2012-11-29,885.5,11,2012,November
268,2012-11-30,863.5,11,2012,November
269,2012-12-02,863.5,12,2012,December
270,2012-12-03,861.25,12,2012,December
271,2012-12-04,858.25,12,2012,December
272,2012-12-05,860.63,12,2012,December
273,2012-12-06,860.5,12,2012,December
274,2012-12-07,860.0,12,2012,December
275,2012-12-09,857.63,12,2012,December
276,2012-12-10,847.88,12,2012,December
277,2012-12-11,823.88,12,2012,December
278,2012-12-12,812.88,12,2012,December
279,2012-12-13,808.0,12,2012,December
280,2012-12-14,813.88,12,2012,December
281,2012-12-16,814.88,12,2012,December
282,2012-12-17,812.63,12,2012,December
283,2012-12-18,813.38,12,2012,December
284,2012-12-19,807.13,12,2012,December
285,2012-12-20,792.25,12,2012,December
286,2012-12-21,791.88,12,2012,December
287,2012-12-23,794.5,12,2012,December
288,2012-12-24,794.13,12,2012,December
289,2012-12-26,775.88,12,2012,December
290,2012-12-27,776.88,12,2012,December
291,2012-12-28,778.38,12,2012,December
292,2012-12-30,775.0,12,2012,December
293,2012-12-31,778.5,12,2012,December
294,2013-01-02,758.88,1,2013,January
295,2013-01-03,754.25,1,2013,January
296,2013-01-04,748.88,1,2013,January
297,2013-01-06,748.25,1,2013,January
298,2013-01-07,752.25,1,2013,January
299,2013-01-08,750.88,1,2013,January
300,2013-01-09,749.63,1,2013,January
301,2013-01-10,746.0,1,2013,January
302,2013-01-11,757.88,1,2013,January
303,2013-01-13,767.5,1,2013,January
304,2013-01-14,770.25,1,2013,January
305,2013-01-15,783.38,1,2013,January
306,2013-01-16,786.75,1,2013,January
307,2013-01-17,785.38,1,2013,January
308,2013-01-18,790.5,1,2013,January
309,2013-01-20,790.5,1,2013,January
310,2013-01-22,776.38,1,2013,January
311,2013-01-23,772.88,1,2013,January
312,2013-01-24,771.38,1,2013,January
313,2013-01-25,775.88,1,2013,January
314,2013-01-27,779.5,1,2013,January
315,2013-01-28,778.38,1,2013,January
316,2013-01-29,773.88,1,2013,January
317,2013-01-30,786.75,1,2013,January
318,2013-01-31,781.63,1,2013,January
319,2013-02-01,766.13,2,2013,February
320,2013-02-03,765.88,2,2013,February
321,2013-02-04,765.38,2,2013,February
322,2013-02-05,757.63,2,2013,February
323,2013-02-06,759.75,2,2013,February
324,2013-02-07,756.75,2,2013,February
325,2013-02-08,756.13,2,2013,February
326,2013-02-10,757.88,2,2013,February
327,2013-02-11,741.88,2,2013,February
328,2013-02-12,734.25,2,2013,February
329,2013-02-13,737.75,2,2013,February
330,2013-02-14,734.38,2,2013,February
331,2013-02-15,742.0,2,2013,February
332,2013-02-19,732.75,2,2013,February
333,2013-02-20,736.88,2,2013,February
334,2013-02-21,723.0,2,2013,February
335,2013-02-22,713.88,2,2013,February
336,2013-02-24,720.13,2,2013,February
337,2013-02-25,705.88,2,2013,February
338,2013-02-26,711.88,2,2013,February
339,2013-02-27,712.0,2,2013,February
340,2013-02-28,716.38,2,2013,February
341,2013-03-01,720.38,3,2013,March
342,2013-03-03,719.0,3,2013,March
343,2013-03-04,703.5,3,2013,March
344,2013-03-05,705.25,3,2013,March
345,2013-03-06,683.25,3,2013,March
346,2013-03-07,695.63,3,2013,March
347,2013-03-08,696.38,3,2013,March
348,2013-03-10,699.38,3,2013,March
349,2013-03-11,700.75,3,2013,March
350,2013-03-12,703.0,3,2013,March
351,2013-03-13,712.25,3,2013,March
352,2013-03-14,724.88,3,2013,March
353,2013-03-15,723.13,3,2013,March
354,2013-03-17,716.63,3,2013,March
355,2013-03-18,714.13,3,2013,March
356,2013-03-19,727.38,3,2013,March
357,2013-03-20,733.63,3,2013,March
358,2013-03-21,728.38,3,2013,March
359,2013-03-22,729.38,3,2013,March
360,2013-03-24,730.0,3,2013,March
361,2013-03-25,726.13,3,2013,March
362,2013-03-26,729.63,3,2013,March
363,2013-03-27,736.0,3,2013,March
364,2013-03-28,688.25,3,2013,March
365,2013-03-31,684.5,3,2013,March
366,2013-04-01,667.38,4,2013,April
367,2013-04-02,674.38,4,2013,April
368,2013-04-03,701.88,4,2013,April
369,2013-04-04,692.5,4,2013,April
370,2013-04-05,699.38,4,2013,April
371,2013-04-08,711.75,4,2013,April
372,2013-04-09,707.25,4,2013,April
373,2013-04-10,696.88,4,2013,April
374,2013-04-11,698.5,4,2013,April
375,2013-04-12,714.13,4,2013,April
376,2013-04-15,692.63,4,2013,April
377,2013-04-16,703.63,4,2013,April
378,2013-04-17,703.38,4,2013,April
379,2013-04-18,704.13,4,2013,April
380,2013-04-19,708.38,4,2013,April
381,2013-04-22,702.13,4,2013,April
382,2013-04-23,697.88,4,2013,April
383,2013-04-24,690.25,4,2013,April
384,2013-04-25,701.63,4,2013,April
385,2013-04-26,686.88,4,2013,April
386,2013-04-29,715.25,4,2013,April
387,2013-04-30,730.25,4,2013,April
388,2013-05-01,719.63,5,2013,May
389,2013-05-02,729.25,5,2013,May
390,2013-05-03,721.75,5,2013,May
391,2013-05-06,702.25,5,2013,May
392,2013-05-07,707.63,5,2013,May
393,2013-05-08,705.5,5,2013,May
394,2013-05-09,724.13,5,2013,May
395,2013-05-10,703.5,5,2013,May
396,2013-05-13,709.38,5,2013,May
397,2013-05-14,712.38,5,2013,May
398,2013-05-15,693.88,5,2013,May
399,2013-05-16,688.88,5,2013,May
400,2013-05-17,682.63,5,2013,May
401,2013-05-20,686.25,5,2013,May
402,2013-05-21,679.88,5,2013,May
403,2013-05-22,686.88,5,2013,May
404,2013-05-23,705.0,5,2013,May
405,2013-05-24,696.38,5,2013,May
406,2013-05-28,693.5,5,2013,May
407,2013-05-29,700.38,5,2013,May
408,2013-05-30,697.88,5,2013,May
409,2013-05-31,706.63,5,2013,May
410,2013-06-03,709.38,6,2013,June
411,2013-06-04,709.63,6,2013,June
412,2013-06-05,701.38,6,2013,June
413,2013-06-06,698.5,6,2013,June
414,2013-06-07,696.25,6,2013,June
415,2013-06-10,690.25,6,2013,June
416,2013-06-11,696.13,6,2013,June
417,2013-06-12,681.88,6,2013,June
418,2013-06-13,685.63,6,2013,June
419,2013-06-14,681.13,6,2013,June
420,2013-06-17,683.38,6,2013,June
421,2013-06-18,686.88,6,2013,June
422,2013-06-19,705.13,6,2013,June
423,2013-06-20,699.88,6,2013,June
424,2013-06-21,697.88,6,2013,June
425,2013-06-24,687.75,6,2013,June
426,2013-06-25,685.13,6,2013,June
427,2013-06-26,676.63,6,2013,June
428,2013-06-27,672.88,6,2013,June
429,2013-06-28,656.88,6,2013,June
430,2013-07-01,656.63,7,2013,July
431,2013-07-02,656.38,7,2013,July
432,2013-07-03,666.0,7,2013,July
433,2013-07-04,666.0,7,2013,July
434,2013-07-05,659.88,7,2013,July
435,2013-07-08,662.38,7,2013,July
436,2013-07-09,676.38,7,2013,July
437,2013-07-10,678.13,7,2013,July
438,2013-07-11,682.38,7,2013,July
439,2013-07-12,681.0,7,2013,July
440,2013-07-15,669.5,7,2013,July
441,2013-07-16,669.25,7,2013,July
442,2013-07-17,665.25,7,2013,July
443,2013-07-18,661.13,7,2013,July
444,2013-07-19,663.88,7,2013,July
445,2013-07-22,659.88,7,2013,July
446,2013-07-23,654.63,7,2013,July
447,2013-07-24,653.13,7,2013,July
448,2013-07-25,648.38,7,2013,July
449,2013-07-26,649.25,7,2013,July
450,2013-07-29,651.13,7,2013,July
451,2013-07-30,656.0,7,2013,July
452,2013-07-31,663.63,7,2013,July
453,2013-08-01,659.13,8,2013,August
454,2013-08-02,660.25,8,2013,August
455,2013-08-05,645.25,8,2013,August
456,2013-08-06,650.0,8,2013,August
457,2013-08-07,643.88,8,2013,August
458,2013-08-08,641.13,8,2013,August
459,2013-08-09,633.63,8,2013,August
460,2013-08-12,635.25,8,2013,August
461,2013-08-13,627.5,8,2013,August
462,2013-08-14,630.38,8,2013,August
463,2013-08-15,637.63,8,2013,August
464,2013-08-16,631.5,8,2013,August
465,2013-08-19,640.5,8,2013,August
466,2013-08-20,634.5,8,2013,August
467,2013-08-21,638.38,8,2013,August
468,2013-08-22,630.5,8,2013,August
469,2013-08-23,633.75,8,2013,August
470,2013-08-26,667.13,8,2013,August
471,2013-08-27,663.25,8,2013,August
472,2013-08-28,660.38,8,2013,August
473,2013-08-29,654.38,8,2013,August
474,2013-08-30,654.88,8,2013,August
475,2013-09-03,647.5,9,2013,September
476,2013-09-04,646.38,9,2013,September
477,2013-09-05,639.38,9,2013,September
478,2013-09-06,647.63,9,2013,September
479,2013-09-09,640.88,9,2013,September
480,2013-09-10,646.25,9,2013,September
481,2013-09-11,647.88,9,2013,September
482,2013-09-12,652.88,9,2013,September
483,2013-09-13,640.5,9,2013,September
484,2013-09-16,640.88,9,2013,September
485,2013-09-17,642.5,9,2013,September
486,2013-09-18,645.5,9,2013,September
487,2013-09-19,656.25,9,2013,September
488,2013-09-20,645.88,9,2013,September
489,2013-09-23,653.88,9,2013,September
490,2013-09-24,657.63,9,2013,September
491,2013-09-25,669.63,9,2013,September
492,2013-09-26,678.63,9,2013,September
493,2013-09-27,681.13,9,2013,September
494,2013-09-30,679.13,9,2013,September
495,2013-10-01,683.38,10,2013,October
496,2013-10-02,686.0,10,2013,October
497,2013-10-03,688.63,10,2013,October
498,2013-10-04,686.63,10,2013,October
499,2013-10-07,695.0,10,2013,October
500,2013-10-08,693.13,10,2013,October
501,2013-10-09,690.13,10,2013,October
502,2013-10-10,685.0,10,2013,October
503,2013-10-11,692.0,10,2013,October
504,2013-10-14,691.88,10,2013,October
505,2013-10-15,685.63,10,2013,October
506,2013-10-16,681.13,10,2013,October
507,2013-10-17,685.63,10,2013,October
508,2013-10-18,705.25,10,2013,October
509,2013-10-21,698.88,10,2013,October
510,2013-10-22,700.63,10,2013,October
511,2013-10-23,701.75,10,2013,October
512,2013-10-24,696.5,10,2013,October
513,2013-10-25,691.63,10,2013,October
514,2013-10-28,680.88,10,2013,October
515,2013-10-29,681.75,10,2013,October
516,2013-10-30,674.13,10,2013,October
517,2013-10-31,667.38,10,2013,October
518,2013-11-01,667.13,11,2013,November
519,2013-11-04,663.38,11,2013,November
520,2013-11-05,656.5,11,2013,November
521,2013-11-06,653.63,11,2013,November
522,2013-11-07,653.38,11,2013,November
523,2013-11-08,648.0,11,2013,November
524,2013-11-11,646.25,11,2013,November
525,2013-11-12,645.0,11,2013,November
526,2013-11-13,645.25,11,2013,November
527,2013-11-14,644.88,11,2013,November
528,2013-11-15,643.75,11,2013,November
529,2013-11-18,642.38,11,2013,November
530,2013-11-19,650.0,11,2013,November
531,2013-11-20,646.5,11,2013,November
532,2013-11-21,648.63,11,2013,November
533,2013-11-22,649.0,11,2013,November
534,2013-11-24,656.25,11,2013,November
535,2013-11-25,659.5,11,2013,November
536,2013-11-26,655.75,11,2013,November
537,2013-11-27,664.63,11,2013,November
538,2013-11-29,668.25,11,2013,November
539,2013-12-02,662.88,12,2013,December
540,2013-12-03,668.88,12,2013,December
541,2013-12-04,662.0,12,2013,December
542,2013-12-05,651.63,12,2013,December
543,2013-12-06,650.75,12,2013,December
544,2013-12-09,650.5,12,2013,December
545,2013-12-10,639.5,12,2013,December
546,2013-12-11,641.13,12,2013,December
547,2013-12-12,633.38,12,2013,December
548,2013-12-13,629.13,12,2013,December
549,2013-12-16,621.63,12,2013,December
550,2013-12-17,618.88,12,2013,December
551,2013-12-18,612.38,12,2013,December
552,2013-12-19,610.13,12,2013,December
553,2013-12-20,613.63,12,2013,December
554,2013-12-23,609.25,12,2013,December
555,2013-12-24,606.38,12,2013,December
556,2013-12-26,605.75,12,2013,December
557,2013-12-27,608.13,12,2013,December
558,2013-12-30,600.13,12,2013,December
559,2013-12-31,605.13,12,2013,December
560,2014-01-01,605.13,1,2014,January
561,2014-01-02,596.75,1,2014,January
562,2014-01-03,606.63,1,2014,January
563,2014-01-06,606.13,1,2014,January
564,2014-01-07,602.38,1,2014,January
565,2014-01-08,587.63,1,2014,January
566,2014-01-09,584.5,1,2014,January
567,2014-01-10,568.13,1,2014,January
568,2014-01-13,572.88,1,2014,January
569,2014-01-14,579.38,1,2014,January
570,2014-01-15,567.38,1,2014,January
571,2014-01-16,572.13,1,2014,January
572,2014-01-17,562.88,1,2014,January
573,2014-01-21,561.88,1,2014,January
574,2014-01-22,561.13,1,2014,January
575,2014-01-23,569.88,1,2014,January
576,2014-01-24,566.25,1,2014,January
577,2014-01-27,563.88,1,2014,January
578,2014-01-28,565.88,1,2014,January
579,2014-01-29,550.88,1,2014,January
580,2014-01-30,553.75,1,2014,January
581,2014-01-31,555.0,1,2014,January
582,2014-02-03,563.88,2,2014,February
583,2014-02-04,585.38,2,2014,February
584,2014-02-05,587.0,2,2014,February
585,2014-02-06,579.88,2,2014,February
586,2014-02-07,577.75,2,2014,February
587,2014-02-10,585.5,2,2014,February
588,2014-02-11,589.13,2,2014,February
589,2014-02-12,585.88,2,2014,February
590,2014-02-13,594.5,2,2014,February
591,2014-02-14,597.5,2,2014,February
592,2014-02-18,612.13,2,2014,February
593,2014-02-19,620.38,2,2014,February
594,2014-02-20,615.88,2,2014,February
595,2014-02-21,609.88,2,2014,February
596,2014-02-24,617.25,2,2014,February
597,2014-02-25,617.25,2,2014,February
598,2014-02-26,605.38,2,2014,February
599,2014-02-27,590.38,2,2014,February
600,2014-02-28,600.38,2,2014,February
601,2014-03-03,634.5,3,2014,March
602,2014-03-04,643.25,3,2014,March
603,2014-03-05,640.38,3,2014,March
604,2014-03-06,646.63,3,2014,March
605,2014-03-07,653.5,3,2014,March
606,2014-03-10,639.63,3,2014,March
607,2014-03-11,658.13,3,2014,March
608,2014-03-12,684.13,3,2014,March
609,2014-03-13,672.13,3,2014,March
610,2014-03-14,686.63,3,2014,March
611,2014-03-17,674.63,3,2014,March
612,2014-03-18,691.88,3,2014,March
613,2014-03-19,715.63,3,2014,March
614,2014-03-20,706.38,3,2014,March
615,2014-03-21,692.25,3,2014,March
616,2014-03-24,713.38,3,2014,March
617,2014-03-25,709.38,3,2014,March
618,2014-03-26,697.38,3,2014,March
619,2014-03-27,710.5,3,2014,March
620,2014-03-28,695.13,3,2014,March
621,2014-03-31,697.13,3,2014,March
622,2014-04-01,685.38,4,2014,April
623,2014-04-02,668.63,4,2014,April
624,2014-04-03,675.25,4,2014,April
625,2014-04-04,670.25,4,2014,April
626,2014-04-07,676.63,4,2014,April
627,2014-04-08,679.25,4,2014,April
628,2014-04-09,668.25,4,2014,April
629,2014-04-10,662.25,4,2014,April
630,2014-04-11,659.13,4,2014,April
631,2014-04-14,678.13,4,2014,April
632,2014-04-15,701.63,4,2014,April
633,2014-04-16,688.0,4,2014,April
634,2014-04-17,690.25,4,2014,April
635,2014-04-21,668.88,4,2014,April
636,2014-04-22,672.38,4,2014,April
637,2014-04-23,676.38,4,2014,April
638,2014-04-24,690.38,4,2014,April
639,2014-04-25,700.88,4,2014,April
640,2014-04-28,708.88,4,2014,April
641,2014-04-29,715.63,4,2014,April
642,2014-04-30,721.5,4,2014,April
643,2014-05-01,708.63,5,2014,May
644,2014-05-02,716.0,5,2014,May
645,2014-05-05,727.38,5,2014,May
646,2014-05-06,738.63,5,2014,May
647,2014-05-07,738.88,5,2014,May
648,2014-05-08,734.63,5,2014,May
649,2014-05-09,722.75,5,2014,May
650,2014-05-11,722.75,5,2014,May
651,2014-05-12,714.88,5,2014,May
652,2014-05-13,709.63,5,2014,May
653,2014-05-14,690.38,5,2014,May
654,2014-05-15,677.88,5,2014,May
655,2014-05-16,674.88,5,2014,May
656,2014-05-19,675.13,5,2014,May
657,2014-05-20,669.13,5,2014,May
658,2014-05-21,663.38,5,2014,May
659,2014-05-22,659.63,5,2014,May
660,2014-05-23,651.88,5,2014,May
661,2014-05-27,640.88,5,2014,May
662,2014-05-28,638.63,5,2014,May
663,2014-05-29,632.25,5,2014,May
664,2014-05-30,628.13,5,2014,May
665,2014-06-02,620.38,6,2014,June
666,2014-06-03,612.13,6,2014,June
667,2014-06-04,613.88,6,2014,June
668,2014-06-05,605.13,6,2014,June
669,2014-06-06,619.38,6,2014,June
670,2014-06-09,614.25,6,2014,June
671,2014-06-10,601.13,6,2014,June
672,2014-06-11,588.88,6,2014,June
673,2014-06-12,584.88,6,2014,June
674,2014-06-13,585.13,6,2014,June
675,2014-06-16,580.38,6,2014,June
676,2014-06-17,581.5,6,2014,June
677,2014-06-18,586.25,6,2014,June
678,2014-06-19,593.88,6,2014,June
679,2014-06-20,584.88,6,2014,June
680,2014-06-23,589.13,6,2014,June
681,2014-06-24,580.0,6,2014,June
682,2014-06-25,584.13,6,2014,June
683,2014-06-26,584.38,6,2014,June
684,2014-06-27,592.88,6,2014,June
685,2014-06-30,576.75,6,2014,June
686,2014-07-01,573.13,7,2014,July
687,2014-07-02,576.63,7,2014,July
688,2014-07-03,579.5,7,2014,July
689,2014-07-06,579.5,7,2014,July
690,2014-07-07,558.25,7,2014,July
691,2014-07-08,555.88,7,2014,July
692,2014-07-09,551.25,7,2014,July
693,2014-07-10,548.63,7,2014,July
694,2014-07-11,514.75,7,2014,July
695,2014-07-14,549.75,7,2014,July
696,2014-07-15,537.75,7,2014,July
697,2014-07-16,538.0,7,2014,July
698,2014-07-17,550.75,7,2014,July
699,2014-07-18,532.25,7,2014,July
700,2014-07-21,530.0,7,2014,July
701,2014-07-22,524.5,7,2014,July
702,2014-07-23,530.75,7,2014,July
703,2014-07-24,528.75,7,2014,July
704,2014-07-25,538.0,7,2014,July
705,2014-07-28,534.75,7,2014,July
706,2014-07-29,520.0,7,2014,July
707,2014-07-30,527.25,7,2014,July
708,2014-07-31,530.25,7,2014,July
709,2014-08-01,534.25,8,2014,August
710,2014-08-04,544.0,8,2014,August
711,2014-08-05,552.5,8,2014,August
712,2014-08-06,568.0,8,2014,August
713,2014-08-07,561.5,8,2014,August
714,2014-08-08,549.25,8,2014,August
715,2014-08-11,546.5,8,2014,August
716,2014-08-12,538.0,8,2014,August
717,2014-08-13,528.0,8,2014,August
718,2014-08-14,537.25,8,2014,August
719,2014-08-15,551.25,8,2014,August
720,2014-08-18,542.5,8,2014,August
721,2014-08-19,546.0,8,2014,August
722,2014-08-20,539.5,8,2014,August
723,2014-08-21,546.25,8,2014,August
724,2014-08-22,552.0,8,2014,August
725,2014-08-25,542.5,8,2014,August
726,2014-08-26,541.5,8,2014,August
727,2014-08-27,547.25,8,2014,August
728,2014-08-28,556.5,8,2014,August
729,2014-08-29,550.25,8,2014,August
730,2014-09-02,543.5,9,2014,September
731,2014-09-03,523.5,9,2014,September
732,2014-09-04,525.25,9,2014,September
733,2014-09-05,531.5,9,2014,September
734,2014-09-08,533.5,9,2014,September
735,2014-09-09,527.5,9,2014,September
736,2014-09-10,518.75,9,2014,September
737,2014-09-11,503.0,9,2014,September
738,2014-09-12,498.25,9,2014,September
739,2014-09-15,500.75,9,2014,September
740,2014-09-16,496.25,9,2014,September
741,2014-09-17,499.25,9,2014,September
742,2014-09-18,488.5,9,2014,September
743,2014-09-19,474.5,9,2014,September
744,2014-09-22,476.75,9,2014,September
745,2014-09-23,476.0,9,2014,September
746,2014-09-24,480.25,9,2014,September
747,2014-09-25,474.0,9,2014,September
748,2014-09-26,474.25,9,2014,September
749,2014-09-29,481.25,9,2014,September
750,2014-09-30,477.75,9,2014,September
751,2014-10-01,479.0,10,2014,October
752,2014-10-02,482.75,10,2014,October
753,2014-10-03,485.75,10,2014,October
754,2014-10-06,491.5,10,2014,October
755,2014-10-07,506.25,10,2014,October
756,2014-10-08,507.75,10,2014,October
757,2014-10-09,493.25,10,2014,October
758,2014-10-10,498.5,10,2014,October
759,2014-10-13,505.25,10,2014,October
760,2014-10-14,509.25,10,2014,October
761,2014-10-15,506.0,10,2014,October
762,2014-10-16,517.0,10,2014,October
763,2014-10-17,516.0,10,2014,October
764,2014-10-20,513.5,10,2014,October
765,2014-10-21,519.25,10,2014,October
766,2014-10-22,522.25,10,2014,October
767,2014-10-23,526.75,10,2014,October
768,2014-10-24,517.75,10,2014,October
769,2014-10-27,522.75,10,2014,October
770,2014-10-28,530.75,10,2014,October
771,2014-10-29,538.25,10,2014,October
772,2014-10-30,536.0,10,2014,October
773,2014-10-31,532.5,10,2014,October
774,2014-11-03,538.25,11,2014,November
775,2014-11-04,530.5,11,2014,November
776,2014-11-05,524.75,11,2014,November
777,2014-11-06,520.25,11,2014,November
778,2014-11-07,514.5,11,2014,November
779,2014-11-10,517.25,11,2014,November
780,2014-11-11,525.25,11,2014,November
781,2014-11-12,542.75,11,2014,November
782,2014-11-13,553.75,11,2014,November
783,2014-11-14,560.5,11,2014,November
784,2014-11-17,551.75,11,2014,November
785,2014-11-18,549.0,11,2014,November
786,2014-11-19,537.75,11,2014,November
787,2014-11-20,547.25,11,2014,November
788,2014-11-21,547.25,11,2014,November
789,2014-11-24,542.25,11,2014,November
790,2014-11-25,551.5,11,2014,November
791,2014-11-26,562.0,11,2014,November
792,2014-11-27,562.25,11,2014,November
793,2014-11-28,577.25,11,2014,November
794,2014-12-01,606.75,12,2014,December
795,2014-12-02,605.25,12,2014,December
796,2014-12-03,597.0,12,2014,December
797,2014-12-04,599.75,12,2014,December
798,2014-12-05,609.0,12,2014,December
799,2014-12-08,610.0,12,2014,December
800,2014-12-09,600.5,12,2014,December
801,2014-12-10,593.25,12,2014,December
802,2014-12-11,610.25,12,2014,December
803,2014-12-12,627.5,12,2014,December
804,2014-12-15,619.0,12,2014,December
805,2014-12-16,623.25,12,2014,December
806,2014-12-17,648.5,12,2014,December
807,2014-12-18,655.25,12,2014,December
808,2014-12-19,632.25,12,2014,December
809,2014-12-22,625.75,12,2014,December
810,2014-12-23,635.5,12,2014,December
811,2014-12-24,611.5,12,2014,December
812,2014-12-26,610.75,12,2014,December
813,2014-12-29,615.5,12,2014,December
814,2014-12-30,602.0,12,2014,December
815,2014-12-31,589.75,12,2014,December
816,2015-01-02,581.25,1,2015,January
817,2015-01-05,589.0,1,2015,January
818,2015-01-06,591.75,1,2015,January
819,2015-01-07,579.5,1,2015,January
820,2015-01-08,567.0,1,2015,January
821,2015-01-09,563.75,1,2015,January
822,2015-01-12,555.5,1,2015,January
823,2015-01-13,548.0,1,2015,January
824,2015-01-14,537.75,1,2015,January
825,2015-01-15,532.75,1,2015,January
826,2015-01-16,532.75,1,2015,January
827,2015-01-20,537.0,1,2015,January
828,2015-01-21,536.75,1,2015,January
829,2015-01-22,533.75,1,2015,January
830,2015-01-23,530.0,1,2015,January
831,2015-01-26,520.5,1,2015,January
832,2015-01-27,519.0,1,2015,January
833,2015-01-28,505.25,1,2015,January
834,2015-01-29,507.75,1,2015,January
835,2015-01-30,502.75,1,2015,January
836,2015-02-02,492.75,2,2015,February
837,2015-02-03,513.75,2,2015,February
838,2015-02-04,511.0,2,2015,February
839,2015-02-05,525.75,2,2015,February
840,2015-02-06,527.0,2,2015,February
841,2015-02-09,529.75,2,2015,February
842,2015-02-10,521.75,2,2015,February
843,2015-02-11,525.75,2,2015,February
844,2015-02-12,521.25,2,2015,February
845,2015-02-13,533.0,2,2015,February
846,2015-02-17,534.75,2,2015,February
847,2015-02-18,527.75,2,2015,February
848,2015-02-19,527.75,2,2015,February
849,2015-02-20,510.25,2,2015,February
850,2015-02-23,505.75,2,2015,February
851,2015-02-24,505.75,2,2015,February
852,2015-02-25,497.75,2,2015,February
853,2015-02-26,503.25,2,2015,February
854,2015-02-27,517.5,2,2015,February
855,2015-03-02,508.0,3,2015,March
856,2015-03-03,508.75,3,2015,March
857,2015-03-04,493.5,3,2015,March
858,2015-03-05,481.25,3,2015,March
859,2015-03-06,485.75,3,2015,March
860,2015-03-09,494.25,3,2015,March
861,2015-03-10,496.5,3,2015,March
862,2015-03-11,503.0,3,2015,March
863,2015-03-12,513.25,3,2015,March
864,2015-03-13,508.75,3,2015,March
865,2015-03-16,514.0,3,2015,March
866,2015-03-17,503.5,3,2015,March
867,2015-03-18,510.75,3,2015,March
868,2015-03-19,512.0,3,2015,March
869,2015-03-20,530.0,3,2015,March
870,2015-03-23,534.0,3,2015,March
871,2015-03-24,523.5,3,2015,March
872,2015-03-25,519.0,3,2015,March
873,2015-03-26,499.25,3,2015,March
874,2015-03-27,507.75,3,2015,March
875,2015-03-30,530.25,3,2015,March
876,2015-03-31,511.75,3,2015,March
877,2015-04-01,528.5,4,2015,April
878,2015-04-02,536.25,4,2015,April
879,2015-04-03,536.25,4,2015,April
880,2015-04-06,527.75,4,2015,April
881,2015-04-07,526.0,4,2015,April
882,2015-04-08,526.25,4,2015,April
883,2015-04-09,518.75,4,2015,April
884,2015-04-10,526.5,4,2015,April
885,2015-04-13,502.25,4,2015,April
886,2015-04-14,497.0,4,2015,April
887,2015-04-15,490.75,4,2015,April
888,2015-04-16,494.5,4,2015,April
889,2015-04-17,494.5,4,2015,April
890,2015-04-20,498.75,4,2015,April
891,2015-04-21,500.75,4,2015,April
892,2015-04-22,498.75,4,2015,April
893,2015-04-23,497.75,4,2015,April
894,2015-04-24,486.0,4,2015,April
895,2015-04-27,470.25,4,2015,April
896,2015-04-28,471.5,4,2015,April
897,2015-04-29,477.25,4,2015,April
898,2015-04-30,467.0,4,2015,April
899,2015-05-01,470.0,5,2015,May
900,2015-05-04,469.25,5,2015,May
901,2015-05-05,464.0,5,2015,May
902,2015-05-06,475.75,5,2015,May
903,2015-05-07,465.75,5,2015,May
904,2015-05-08,476.5,5,2015,May
905,2015-05-11,476.25,5,2015,May
906,2015-05-12,479.25,5,2015,May
907,2015-05-13,481.0,5,2015,May
908,2015-05-14,501.75,5,2015,May
909,2015-05-15,511.0,5,2015,May
910,2015-05-18,521.75,5,2015,May
911,2015-05-19,510.25,5,2015,May
912,2015-05-20,513.0,5,2015,May
913,2015-05-21,522.0,5,2015,May
914,2015-05-22,515.25,5,2015,May
915,2015-05-26,493.5,5,2015,May
916,2015-05-27,487.75,5,2015,May
917,2015-05-28,488.75,5,2015,May
918,2015-05-29,477.0,5,2015,May
919,2015-06-01,493.75,6,2015,June
920,2015-06-02,512.5,6,2015,June
921,2015-06-03,510.75,6,2015,June
922,2015-06-04,523.75,6,2015,June
923,2015-06-05,517.0,6,2015,June
924,2015-06-08,528.0,6,2015,June
925,2015-06-09,532.25,6,2015,June
926,2015-06-10,513.5,6,2015,June
927,2015-06-11,504.25,6,2015,June
928,2015-06-12,503.75,6,2015,June
929,2015-06-15,489.25,6,2015,June
930,2015-06-16,488.75,6,2015,June
931,2015-06-17,491.25,6,2015,June
932,2015-06-18,488.0,6,2015,June
933,2015-06-19,488.5,6,2015,June
934,2015-06-22,501.25,6,2015,June
935,2015-06-23,521.5,6,2015,June
936,2015-06-24,518.0,6,2015,June
937,2015-06-25,532.0,6,2015,June
938,2015-06-26,562.25,6,2015,June
939,2015-06-29,580.5,6,2015,June
940,2015-06-30,614.75,6,2015,June
941,2015-07-01,587.5,7,2015,July
942,2015-07-02,585.75,7,2015,July
943,2015-07-03,588.25,7,2015,July
944,2015-07-06,588.5,7,2015,July
945,2015-07-07,579.5,7,2015,July
946,2015-07-08,572.25,7,2015,July
947,2015-07-09,572.25,7,2015,July
948,2015-07-10,581.5,7,2015,July
949,2015-07-13,586.75,7,2015,July
950,2015-07-14,583.5,7,2015,July
951,2015-07-15,566.75,7,2015,July
952,2015-07-16,562.25,7,2015,July
953,2015-07-17,554.0,7,2015,July
954,2015-07-20,532.75,7,2015,July
955,2015-07-21,524.75,7,2015,July
956,2015-07-22,516.75,7,2015,July
957,2015-07-23,521.5,7,2015,July
958,2015-07-24,511.75,7,2015,July
959,2015-07-27,502.5,7,2015,July
960,2015-07-28,510.75,7,2015,July
961,2015-07-29,496.25,7,2015,July
962,2015-07-30,496.5,7,2015,July
963,2015-07-31,499.25,7,2015,July
964,2015-08-03,499.0,8,2015,August
965,2015-08-04,493.5,8,2015,August
966,2015-08-05,502.0,8,2015,August
967,2015-08-06,507.0,8,2015,August
968,2015-08-07,510.5,8,2015,August
969,2015-08-10,525.5,8,2015,August
970,2015-08-11,507.25,8,2015,August
971,2015-08-12,492.25,8,2015,August
972,2015-08-13,503.25,8,2015,August
973,2015-08-14,506.5,8,2015,August
974,2015-08-17,500.5,8,2015,August
975,2015-08-18,494.25,8,2015,August
976,2015-08-19,496.25,8,2015,August
977,2015-08-20,506.25,8,2015,August
978,2015-08-21,499.5,8,2015,August
979,2015-08-24,503.25,8,2015,August
980,2015-08-25,495.0,8,2015,August
981,2015-08-26,489.75,8,2015,August
982,2015-08-27,484.25,8,2015,August
983,2015-08-28,477.0,8,2015,August
984,2015-08-31,482.5,8,2015,August
985,2015-09-01,484.0,9,2015,September
986,2015-09-02,473.0,9,2015,September
987,2015-09-03,456.5,9,2015,September
988,2015-09-04,457.75,9,2015,September
989,2015-09-08,465.25,9,2015,September
990,2015-09-09,462.0,9,2015,September
991,2015-09-10,468.0,9,2015,September
992,2015-09-11,475.5,9,2015,September
993,2015-09-14,485.75,9,2015,September
994,2015-09-15,494.75,9,2015,September
995,2015-09-16,488.25,9,2015,September
996,2015-09-17,481.5,9,2015,September
997,2015-09-18,486.75,9,2015,September
998,2015-09-21,496.75,9,2015,September
999,2015-09-22,495.5,9,2015,September
1000,2015-09-23,507.5,9,2015,September
1001,2015-09-24,497.25,9,2015,September
1002,2015-09-25,507.75,9,2015,September
1003,2015-09-28,505.5,9,2015,September
1004,2015-09-29,503.75,9,2015,September
1005,2015-09-30,512.75,9,2015,September
1006,2015-10-01,518.25,10,2015,October
1007,2015-10-02,513.25,10,2015,October
1008,2015-10-05,515.5,10,2015,October
1009,2015-10-06,526.25,10,2015,October
1010,2015-10-07,516.75,10,2015,October
1011,2015-10-08,511.5,10,2015,October
1012,2015-10-09,509.25,10,2015,October
1013,2015-10-12,506.75,10,2015,October
1014,2015-10-13,519.0,10,2015,October
1015,2015-10-14,508.25,10,2015,October
1016,2015-10-15,502.5,10,2015,October
1017,2015-10-16,492.25,10,2015,October
1018,2015-10-19,485.75,10,2015,October
1019,2015-10-20,491.25,10,2015,October
1020,2015-10-21,494.75,10,2015,October
1021,2015-10-22,490.75,10,2015,October
1022,2015-10-23,490.5,10,2015,October
1023,2015-10-26,509.0,10,2015,October
1024,2015-10-27,509.25,10,2015,October
1025,2015-10-28,506.0,10,2015,October
1026,2015-10-29,515.0,10,2015,October
1027,2015-10-30,522.0,10,2015,October
1028,2015-11-02,508.0,11,2015,November
1029,2015-11-03,516.5,11,2015,November
1030,2015-11-04,526.25,11,2015,November
1031,2015-11-05,526.25,11,2015,November
1032,2015-11-06,523.25,11,2015,November
1033,2015-11-09,501.75,11,2015,November
1034,2015-11-10,490.75,11,2015,November
1035,2015-11-11,494.75,11,2015,November
1036,2015-11-12,498.0,11,2015,November
1037,2015-11-13,495.75,11,2015,November
1038,2015-11-16,494.0,11,2015,November
1039,2015-11-17,487.5,11,2015,November
1040,2015-11-18,483.25,11,2015,November
1041,2015-11-19,490.75,11,2015,November
1042,2015-11-20,488.5,11,2015,November
1043,2015-11-23,495.0,11,2015,November
1044,2015-11-24,484.25,11,2015,November
1045,2015-11-25,479.25,11,2015,November
1046,2015-11-27,465.75,11,2015,November
1047,2015-11-30,460.0,11,2015,November
1048,2015-12-01,456.5,12,2015,December
1049,2015-12-02,452.25,12,2015,December
1050,2015-12-03,464.75,12,2015,December
1051,2015-12-04,471.25,12,2015,December
1052,2015-12-07,470.25,12,2015,December
1053,2015-12-08,470.75,12,2015,December
1054,2015-12-09,478.0,12,2015,December
1055,2015-12-10,484.5,12,2015,December
1056,2015-12-11,482.75,12,2015,December
1057,2015-12-14,487.75,12,2015,December
1058,2015-12-15,494.25,12,2015,December
1059,2015-12-16,483.5,12,2015,December
1060,2015-12-17,484.0,12,2015,December
1061,2015-12-18,486.75,12,2015,December
1062,2015-12-21,479.0,12,2015,December
1063,2015-12-22,471.75,12,2015,December
1064,2015-12-23,469.5,12,2015,December
1065,2015-12-24,467.5,12,2015,December
1066,2015-12-28,466.5,12,2015,December
1067,2015-12-29,475.75,12,2015,December
1068,2015-12-30,469.75,12,2015,December
1069,2015-12-31,470.0,12,2015,December
1070,2016-01-04,458.25,1,2016,January
1071,2016-01-05,461.25,1,2016,January
1072,2016-01-06,462.75,1,2016,January
1073,2016-01-07,468.5,1,2016,January
1074,2016-01-08,478.5,1,2016,January
1075,2016-01-11,469.0,1,2016,January
1076,2016-01-12,481.25,1,2016,January
1077,2016-01-13,478.0,1,2016,January
1078,2016-01-14,468.75,1,2016,January
1079,2016-01-15,473.75,1,2016,January
1080,2016-01-17,473.38,1,2016,January
1081,2016-01-19,474.5,1,2016,January
1082,2016-01-20,471.5,1,2016,January
1083,2016-01-21,475.0,1,2016,January
1084,2016-01-22,475.5,1,2016,January
1085,2016-01-25,481.5,1,2016,January
1086,2016-01-26,484.75,1,2016,January
1087,2016-01-27,476.5,1,2016,January
1088,2016-01-28,472.25,1,2016,January
1089,2016-01-29,479.25,1,2016,January
1090,2016-02-01,475.25,2,2016,February
1091,2016-02-02,475.25,2,2016,February
1092,2016-02-03,480.0,2,2016,February
1093,2016-02-04,472.75,2,2016,February
1094,2016-02-05,466.75,2,2016,February
1095,2016-02-08,458.5,2,2016,February
1096,2016-02-09,457.5,2,2016,February
1097,2016-02-10,461.25,2,2016,February
1098,2016-02-11,458.25,2,2016,February
1099,2016-02-12,457.5,2,2016,February
1100,2016-02-16,464.25,2,2016,February
1101,2016-02-17,468.5,2,2016,February
1102,2016-02-18,462.25,2,2016,February
1103,2016-02-19,461.75,2,2016,February
1104,2016-02-22,458.5,2,2016,February
1105,2016-02-23,448.0,2,2016,February
1106,2016-02-24,442.75,2,2016,February
1107,2016-02-25,445.25,2,2016,February
1108,2016-02-26,443.25,2,2016,February
1109,2016-02-29,445.0,2,2016,February
1110,2016-03-01,438.5,3,2016,March
1111,2016-03-02,442.75,3,2016,March
1112,2016-03-03,453.25,3,2016,March
1113,2016-03-04,454.75,3,2016,March
1114,2016-03-07,457.75,3,2016,March
1115,2016-03-08,461.25,3,2016,March
1116,2016-03-09,463.75,3,2016,March
1117,2016-03-10,471.5,3,2016,March
1118,2016-03-11,469.75,3,2016,March
1119,2016-03-14,471.5,3,2016,March
1120,2016-03-15,477.25,3,2016,March
1121,2016-03-16,470.75,3,2016,March
1122,2016-03-17,462.5,3,2016,March
1123,2016-03-18,463.0,3,2016,March
1124,2016-03-21,466.5,3,2016,March
1125,2016-03-22,466.75,3,2016,March
1126,2016-03-23,463.0,3,2016,March
1127,2016-03-24,463.0,3,2016,March
1128,2016-03-28,471.0,3,2016,March
1129,2016-03-29,476.75,3,2016,March
1130,2016-03-30,464.0,3,2016,March
1131,2016-03-31,473.5,3,2016,March
1132,2016-04-01,475.75,4,2016,April
1133,2016-04-04,474.75,4,2016,April
1134,2016-04-05,474.0,4,2016,April
1135,2016-04-06,463.0,4,2016,April
1136,2016-04-07,457.0,4,2016,April
1137,2016-04-08,460.25,4,2016,April
1138,2016-04-11,447.25,4,2016,April
1139,2016-04-12,452.5,4,2016,April
1140,2016-04-13,461.5,4,2016,April
1141,2016-04-14,459.75,4,2016,April
1142,2016-04-15,459.75,4,2016,April
1143,2016-04-18,472.75,4,2016,April
1144,2016-04-19,486.25,4,2016,April
1145,2016-04-20,504.25,4,2016,April
1146,2016-04-21,495.75,4,2016,April
1147,2016-04-22,467.0,4,2016,April
1148,2016-04-25,471.25,4,2016,April
1149,2016-04-26,479.75,4,2016,April
1150,2016-04-27,474.25,4,2016,April
1151,2016-04-28,475.5,4,2016,April
1152,2016-04-29,478.0,4,2016,April
1153,2016-05-02,477.0,5,2016,May
1154,2016-05-03,459.75,5,2016,May
1155,2016-05-04,460.5,5,2016,May
1156,2016-05-05,453.0,5,2016,May
1157,2016-05-06,453.25,5,2016,May
1158,2016-05-09,447.0,5,2016,May
1159,2016-05-10,451.5,5,2016,May
1160,2016-05-11,449.5,5,2016,May
1161,2016-05-12,458.5,5,2016,May
1162,2016-05-13,465.0,5,2016,May
1163,2016-05-16,474.75,5,2016,May
1164,2016-05-17,481.75,5,2016,May
1165,2016-05-18,480.0,5,2016,May
1166,2016-05-19,468.75,5,2016,May
1167,2016-05-20,467.75,5,2016,May
1168,2016-05-23,462.0,5,2016,May
1169,2016-05-24,464.0,5,2016,May
1170,2016-05-25,466.0,5,2016,May
1171,2016-05-26,481.25,5,2016,May
1172,2016-05-27,481.5,5,2016,May
1173,2016-05-31,464.5,5,2016,May
1174,2016-06-01,473.75,6,2016,June
1175,2016-06-02,485.5,6,2016,June
1176,2016-06-03,497.25,6,2016,June
1177,2016-06-06,507.5,6,2016,June
1178,2016-06-07,509.0,6,2016,June
1179,2016-06-08,519.5,6,2016,June
1180,2016-06-09,510.25,6,2016,June
1181,2016-06-10,495.0,6,2016,June
1182,2016-06-13,491.25,6,2016,June
1183,2016-06-14,485.0,6,2016,June
1184,2016-06-15,477.5,6,2016,June
1185,2016-06-16,472.5,6,2016,June
1186,2016-06-17,481.25,6,2016,June
1187,2016-06-20,473.0,6,2016,June
1188,2016-06-21,458.5,6,2016,June
1189,2016-06-22,458.75,6,2016,June
1190,2016-06-23,454.25,6,2016,June
1191,2016-06-24,454.75,6,2016,June
1192,2016-06-27,446.75,6,2016,June
1193,2016-06-28,443.75,6,2016,June
1194,2016-06-29,429.5,6,2016,June
1195,2016-06-30,431.25,6,2016,June
1196,2016-07-01,416.25,7,2016,July
1197,2016-07-05,419.5,7,2016,July
1198,2016-07-06,415.75,7,2016,July
1199,2016-07-07,412.0,7,2016,July
1200,2016-07-08,420.75,7,2016,July
1201,2016-07-11,416.25,7,2016,July
1202,2016-07-12,424.0,7,2016,July
1203,2016-07-13,426.25,7,2016,July
1204,2016-07-14,421.75,7,2016,July
1205,2016-07-15,424.75,7,2016,July
1206,2016-07-18,429.5,7,2016,July
1207,2016-07-19,418.0,7,2016,July
1208,2016-07-20,413.0,7,2016,July
1209,2016-07-21,417.75,7,2016,July
1210,2016-07-22,425.25,7,2016,July
1211,2016-07-25,429.0,7,2016,July
1212,2016-07-26,415.0,7,2016,July
1213,2016-07-27,414.75,7,2016,July
1214,2016-07-28,410.25,7,2016,July
1215,2016-07-29,407.75,7,2016,July
1216,2016-08-01,406.0,8,2016,August
1217,2016-08-02,401.25,8,2016,August
1218,2016-08-03,410.25,8,2016,August
1219,2016-08-04,403.25,8,2016,August
1220,2016-08-05,416.0,8,2016,August
1221,2016-08-08,417.0,8,2016,August
1222,2016-08-09,417.0,8,2016,August
1223,2016-08-10,421.75,8,2016,August
1224,2016-08-11,416.25,8,2016,August
1225,2016-08-12,422.5,8,2016,August
1226,2016-08-15,422.0,8,2016,August
1227,2016-08-16,423.5,8,2016,August
1228,2016-08-17,426.0,8,2016,August
1229,2016-08-18,427.0,8,2016,August
1230,2016-08-19,427.0,8,2016,August
1231,2016-08-22,415.25,8,2016,August
1232,2016-08-23,407.75,8,2016,August
1233,2016-08-24,404.0,8,2016,August
1234,2016-08-25,401.25,8,2016,August
1235,2016-08-26,383.5,8,2016,August
1236,2016-08-29,370.5,8,2016,August
1237,2016-08-30,363.25,8,2016,August
1238,2016-08-31,361.0,8,2016,August
1239,2016-09-01,368.25,9,2016,September
1240,2016-09-02,373.25,9,2016,September
1241,2016-09-06,371.0,9,2016,September
1242,2016-09-07,375.25,9,2016,September
1243,2016-09-08,377.0,9,2016,September
1244,2016-09-09,376.0,9,2016,September
1245,2016-09-12,383.25,9,2016,September
1246,2016-09-13,374.75,9,2016,September
1247,2016-09-14,376.75,9,2016,September
1248,2016-09-15,399.5,9,2016,September
1249,2016-09-16,403.25,9,2016,September
1250,2016-09-19,404.0,9,2016,September
1251,2016-09-20,406.0,9,2016,September
1252,2016-09-21,407.75,9,2016,September
1253,2016-09-22,405.5,9,2016,September
1254,2016-09-23,404.75,9,2016,September
1255,2016-09-26,396.0,9,2016,September
1256,2016-09-27,404.0,9,2016,September
1257,2016-09-28,403.25,9,2016,September
1258,2016-09-29,399.0,9,2016,September
1259,2016-09-30,402.0,9,2016,September
1260,2016-10-03,395.5,10,2016,October
1261,2016-10-04,395.5,10,2016,October
1262,2016-10-05,405.0,10,2016,October
1263,2016-10-06,395.75,10,2016,October
1264,2016-10-07,394.75,10,2016,October
1265,2016-10-10,403.75,10,2016,October
1266,2016-10-11,407.25,10,2016,October
1267,2016-10-12,396.75,10,2016,October
1268,2016-10-13,416.0,10,2016,October
1269,2016-10-14,421.0,10,2016,October
1270,2016-10-17,423.75,10,2016,October
1271,2016-10-18,420.0,10,2016,October
1272,2016-10-19,420.25,10,2016,October
1273,2016-10-20,417.0,10,2016,October
1274,2016-10-21,414.5,10,2016,October
1275,2016-10-24,402.5,10,2016,October
1276,2016-10-25,404.25,10,2016,October
1277,2016-10-26,411.5,10,2016,October
1278,2016-10-27,414.5,10,2016,October
1279,2016-10-28,408.5,10,2016,October
1280,2016-10-31,416.25,10,2016,October
1281,2016-11-01,414.25,11,2016,November
1282,2016-11-02,417.75,11,2016,November
1283,2016-11-03,412.0,11,2016,November
1284,2016-11-04,414.25,11,2016,November
1285,2016-11-07,410.0,11,2016,November
1286,2016-11-08,415.25,11,2016,November
1287,2016-11-09,406.75,11,2016,November
1288,2016-11-10,404.75,11,2016,November
1289,2016-11-11,403.0,11,2016,November
1290,2016-11-14,394.0,11,2016,November
1291,2016-11-15,399.0,11,2016,November
1292,2016-11-16,397.0,11,2016,November
1293,2016-11-17,403.0,11,2016,November
1294,2016-11-18,408.0,11,2016,November
1295,2016-11-21,410.25,11,2016,November
1296,2016-11-22,407.25,11,2016,November
1297,2016-11-23,401.5,11,2016,November
1298,2016-11-25,395.75,11,2016,November
1299,2016-11-28,389.5,11,2016,November
1300,2016-11-29,384.0,11,2016,November
1301,2016-11-30,380.5,11,2016,November
1302,2016-12-01,371.5,12,2016,December
1303,2016-12-02,387.5,12,2016,December
1304,2016-12-05,389.25,12,2016,December
1305,2016-12-06,389.5,12,2016,December
1306,2016-12-07,386.25,12,2016,December
1307,2016-12-08,390.75,12,2016,December
1308,2016-12-09,400.25,12,2016,December
1309,2016-12-12,401.25,12,2016,December
1310,2016-12-13,398.0,12,2016,December
1311,2016-12-14,391.5,12,2016,December
1312,2016-12-15,409.25,12,2016,December
1313,2016-12-16,409.25,12,2016,December
1314,2016-12-19,405.0,12,2016,December
1315,2016-12-20,403.25,12,2016,December
1316,2016-12-21,399.5,12,2016,December
1317,2016-12-22,397.0,12,2016,December
1318,2016-12-23,393.5,12,2016,December
1319,2016-12-27,409.5,12,2016,December
1320,2016-12-28,401.5,12,2016,December
1321,2016-12-29,404.75,12,2016,December
1322,2016-12-30,408.0,12,2016,December
1323,2017-01-03,406.5,1,2017,January
1324,2017-01-04,418.5,1,2017,January
1325,2017-01-05,426.25,1,2017,January
1326,2017-01-06,423.25,1,2017,January
1327,2017-01-09,427.25,1,2017,January
1328,2017-01-10,426.75,1,2017,January
1329,2017-01-11,418.75,1,2017,January
1330,2017-01-12,426.25,1,2017,January
1331,2017-01-13,426.0,1,2017,January
1332,2017-01-17,433.5,1,2017,January
1333,2017-01-18,431.0,1,2017,January
1334,2017-01-19,423.5,1,2017,January
1335,2017-01-20,428.25,1,2017,January
1336,2017-01-23,433.25,1,2017,January
1337,2017-01-24,426.75,1,2017,January
1338,2017-01-25,424.5,1,2017,January
1339,2017-01-26,427.0,1,2017,January
1340,2017-01-27,420.5,1,2017,January
1341,2017-01-30,414.0,1,2017,January
1342,2017-01-31,420.75,1,2017,January
1343,2017-02-01,433.75,2,2017,February
1344,2017-02-02,434.5,2,2017,February
1345,2017-02-03,430.25,2,2017,February
1346,2017-02-06,422.5,2,2017,February
1347,2017-02-07,430.75,2,2017,February
1348,2017-02-08,432.5,2,2017,February
1349,2017-02-09,443.5,2,2017,February
1350,2017-02-10,449.0,2,2017,February
1351,2017-02-13,452.25,2,2017,February
1352,2017-02-14,449.5,2,2017,February
1353,2017-02-15,454.75,2,2017,February
1354,2017-02-16,447.75,2,2017,February
1355,2017-02-17,441.0,2,2017,February
1356,2017-02-21,436.0,2,2017,February
1357,2017-02-22,441.25,2,2017,February
1358,2017-02-23,438.0,2,2017,February
1359,2017-02-24,431.25,2,2017,February
1360,2017-02-27,418.75,2,2017,February
1361,2017-02-28,424.75,2,2017,February
1362,2017-03-01,435.5,3,2017,March
1363,2017-03-02,432.0,3,2017,March
1364,2017-03-03,433.75,3,2017,March
1365,2017-03-06,438.25,3,2017,March
1366,2017-03-07,436.0,3,2017,March
1367,2017-03-08,427.5,3,2017,March
1368,2017-03-09,426.0,3,2017,March
1369,2017-03-10,422.75,3,2017,March
1370,2017-03-13,412.25,3,2017,March
1371,2017-03-14,412.0,3,2017,March
1372,2017-03-15,436.0,3,2017,March
1373,2017-03-16,436.0,3,2017,March
1374,2017-03-17,436.25,3,2017,March
1375,2017-03-20,430.25,3,2017,March
1376,2017-03-21,426.5,3,2017,March
1377,2017-03-22,422.25,3,2017,March
1378,2017-03-23,421.0,3,2017,March
1379,2017-03-24,424.75,3,2017,March
1380,2017-03-27,420.75,3,2017,March
1381,2017-03-28,424.5,3,2017,March
1382,2017-03-29,425.5,3,2017,March
1383,2017-03-30,421.0,3,2017,March
1384,2017-03-31,426.5,3,2017,March
1385,2017-04-03,427.75,4,2017,April
1386,2017-04-04,427.0,4,2017,April
1387,2017-04-05,429.75,4,2017,April
1388,2017-04-06,423.25,4,2017,April
1389,2017-04-07,424.0,4,2017,April
1390,2017-04-10,428.75,4,2017,April
1391,2017-04-11,433.25,4,2017,April
1392,2017-04-12,433.25,4,2017,April
1393,2017-04-13,429.75,4,2017,April
1394,2017-04-17,421.0,4,2017,April
1395,2017-04-18,422.5,4,2017,April
1396,2017-04-19,419.0,4,2017,April
1397,2017-04-20,406.25,4,2017,April
1398,2017-04-21,405.0,4,2017,April
1399,2017-04-24,402.5,4,2017,April
1400,2017-04-25,408.75,4,2017,April
1401,2017-04-26,407.75,4,2017,April
1402,2017-04-27,413.5,4,2017,April
1403,2017-04-28,418.5,4,2017,April
1404,2017-05-01,442.75,5,2017,May
1405,2017-05-02,441.5,5,2017,May
1406,2017-05-03,443.0,5,2017,May
1407,2017-05-04,426.0,5,2017,May
1408,2017-05-05,427.5,5,2017,May
1409,2017-05-08,418.0,5,2017,May
1410,2017-05-09,421.75,5,2017,May
1411,2017-05-10,424.0,5,2017,May
1412,2017-05-11,426.0,5,2017,May
1413,2017-05-12,425.0,5,2017,May
1414,2017-05-15,423.25,5,2017,May
1415,2017-05-16,424.25,5,2017,May
1416,2017-05-17,427.0,5,2017,May
1417,2017-05-18,425.75,5,2017,May
1418,2017-05-19,435.25,5,2017,May
1419,2017-05-22,434.25,5,2017,May
1420,2017-05-23,429.5,5,2017,May
1421,2017-05-24,432.5,5,2017,May
1422,2017-05-25,430.75,5,2017,May
1423,2017-05-26,438.25,5,2017,May
1424,2017-05-30,429.5,5,2017,May
1425,2017-05-31,429.25,5,2017,May
1426,2017-06-01,429.0,6,2017,June
1427,2017-06-02,429.5,6,2017,June
1428,2017-06-05,429.5,6,2017,June
1429,2017-06-06,435.75,6,2017,June
1430,2017-06-07,444.75,6,2017,June
1431,2017-06-08,449.25,6,2017,June
1432,2017-06-09,445.75,6,2017,June
1433,2017-06-12,434.0,6,2017,June
1434,2017-06-13,445.0,6,2017,June
1435,2017-06-14,443.0,6,2017,June
1436,2017-06-15,453.75,6,2017,June
1437,2017-06-16,465.25,6,2017,June
1438,2017-06-19,467.0,6,2017,June
1439,2017-06-20,472.5,6,2017,June
1440,2017-06-21,464.5,6,2017,June
1441,2017-06-22,461.25,6,2017,June
1442,2017-06-23,459.75,6,2017,June
1443,2017-06-26,450.0,6,2017,June
1444,2017-06-27,453.25,6,2017,June
1445,2017-06-28,457.25,6,2017,June
1446,2017-06-29,480.25,6,2017,June
1447,2017-06-30,511.0,6,2017,June
1448,2017-07-03,536.75,7,2017,July
1449,2017-07-05,539.25,7,2017,July
1450,2017-07-06,519.0,7,2017,July
1451,2017-07-07,515.25,7,2017,July
1452,2017-07-10,530.5,7,2017,July
1453,2017-07-11,535.5,7,2017,July
1454,2017-07-12,522.5,7,2017,July
1455,2017-07-13,495.5,7,2017,July
1456,2017-07-14,494.75,7,2017,July
1457,2017-07-17,506.0,7,2017,July
1458,2017-07-18,503.75,7,2017,July
1459,2017-07-19,503.0,7,2017,July
1460,2017-07-20,505.75,7,2017,July
1461,2017-07-21,499.25,7,2017,July
1462,2017-07-24,488.75,7,2017,July
1463,2017-07-25,474.0,7,2017,July
1464,2017-07-26,477.75,7,2017,July
1465,2017-07-27,479.75,7,2017,July
1466,2017-07-28,481.0,7,2017,July
1467,2017-07-31,474.5,7,2017,July
1468,2017-08-01,461.25,8,2017,August
1469,2017-08-02,460.75,8,2017,August
1470,2017-08-03,457.75,8,2017,August
1471,2017-08-04,454.75,8,2017,August
1472,2017-08-07,463.5,8,2017,August
1473,2017-08-08,457.0,8,2017,August
1474,2017-08-09,459.5,8,2017,August
1475,2017-08-10,440.5,8,2017,August
1476,2017-08-11,439.25,8,2017,August
1477,2017-08-14,441.0,8,2017,August
1478,2017-08-15,429.5,8,2017,August
1479,2017-08-16,419.25,8,2017,August
1480,2017-08-17,414.0,8,2017,August
1481,2017-08-18,416.0,8,2017,August
1482,2017-08-21,409.5,8,2017,August
1483,2017-08-22,402.25,8,2017,August
1484,2017-08-23,403.25,8,2017,August
1485,2017-08-24,409.0,8,2017,August
1486,2017-08-25,409.5,8,2017,August
1487,2017-08-28,400.0,8,2017,August
1488,2017-08-29,402.75,8,2017,August
1489,2017-08-30,403.5,8,2017,August
1490,2017-08-31,410.25,8,2017,August
1491,2017-09-01,420.5,9,2017,September
1492,2017-09-05,430.5,9,2017,September
1493,2017-09-06,421.75,9,2017,September
1494,2017-09-07,413.5,9,2017,September
1495,2017-09-08,413.75,9,2017,September
1496,2017-09-11,412.25,9,2017,September
1497,2017-09-12,419.5,9,2017,September
1498,2017-09-13,420.75,9,2017,September
1499,2017-09-14,428.25,9,2017,September
1500,2017-09-15,449.0,9,2017,September
1501,2017-09-18,443.5,9,2017,September
1502,2017-09-19,443.0,9,2017,September
1503,2017-09-20,449.75,9,2017,September
1504,2017-09-21,452.5,9,2017,September
1505,2017-09-22,449.5,9,2017,September
1506,2017-09-25,454.0,9,2017,September
1507,2017-09-26,453.75,9,2017,September
1508,2017-09-27,461.5,9,2017,September
1509,2017-09-28,455.0,9,2017,September
1510,2017-09-29,448.25,9,2017,September
1511,2017-10-02,444.75,10,2017,October
1512,2017-10-03,448.0,10,2017,October
1513,2017-10-04,442.0,10,2017,October
1514,2017-10-05,440.75,10,2017,October
1515,2017-10-06,443.5,10,2017,October
1516,2017-10-09,436.0,10,2017,October
1517,2017-10-10,435.25,10,2017,October
1518,2017-10-11,433.25,10,2017,October
1519,2017-10-12,430.5,10,2017,October
1520,2017-10-13,439.5,10,2017,October
1521,2017-10-16,436.5,10,2017,October
1522,2017-10-17,434.75,10,2017,October
1523,2017-10-18,430.0,10,2017,October
1524,2017-10-19,432.75,10,2017,October
1525,2017-10-20,426.0,10,2017,October
1526,2017-10-23,436.75,10,2017,October
1527,2017-10-24,438.0,10,2017,October
1528,2017-10-25,435.5,10,2017,October
1529,2017-10-26,431.75,10,2017,October
1530,2017-10-27,427.25,10,2017,October
1531,2017-10-30,424.75,10,2017,October
1532,2017-10-31,418.5,10,2017,October
1533,2017-11-01,418.0,11,2017,November
1534,2017-11-02,426.0,11,2017,November
1535,2017-11-03,425.75,11,2017,November
1536,2017-11-06,430.75,11,2017,November
1537,2017-11-07,427.25,11,2017,November
1538,2017-11-08,426.75,11,2017,November
1539,2017-11-09,429.0,11,2017,November
1540,2017-11-10,431.5,11,2017,November
1541,2017-11-13,424.25,11,2017,November
1542,2017-11-14,428.0,11,2017,November
1543,2017-11-15,420.0,11,2017,November
1544,2017-11-16,421.5,11,2017,November
1545,2017-11-17,427.25,11,2017,November
1546,2017-11-20,422.0,11,2017,November
1547,2017-11-21,424.75,11,2017,November
1548,2017-11-22,422.75,11,2017,November
1549,2017-11-24,415.75,11,2017,November
1550,2017-11-27,409.5,11,2017,November
1551,2017-11-28,410.75,11,2017,November
1552,2017-11-29,416.5,11,2017,November
1553,2017-11-30,409.25,11,2017,November
1554,2017-12-01,414.5,12,2017,December
1555,2017-12-04,410.25,12,2017,December
1556,2017-12-05,406.0,12,2017,December
1557,2017-12-06,398.5,12,2017,December
1558,2017-12-07,394.25,12,2017,December
1559,2017-12-08,392.0,12,2017,December
1560,2017-12-11,387.75,12,2017,December
1561,2017-12-12,387.25,12,2017,December
1562,2017-12-13,392.25,12,2017,December
1563,2017-12-14,395.0,12,2017,December
1564,2017-12-15,418.25,12,2017,December
1565,2017-12-18,420.5,12,2017,December
1566,2017-12-19,419.5,12,2017,December
1567,2017-12-20,423.5,12,2017,December
1568,2017-12-21,427.0,12,2017,December
1569,2017-12-22,424.75,12,2017,December
1570,2017-12-26,422.25,12,2017,December
1571,2017-12-27,428.0,12,2017,December
1572,2017-12-28,427.75,12,2017,December
1573,2017-12-29,427.0,12,2017,December
1574,2018-01-02,433.5,1,2018,January
1575,2018-01-03,436.0,1,2018,January
1576,2018-01-04,434.0,1,2018,January
1577,2018-01-05,430.75,1,2018,January
1578,2018-01-08,427.75,1,2018,January
1579,2018-01-09,432.25,1,2018,January
1580,2018-01-10,434.25,1,2018,January
1581,2018-01-11,433.25,1,2018,January
1582,2018-01-12,420.5,1,2018,January
1583,2018-01-16,416.5,1,2018,January
1584,2018-01-17,421.5,1,2018,January
1585,2018-01-18,425.25,1,2018,January
1586,2018-01-19,422.75,1,2018,January
1587,2018-01-22,425.75,1,2018,January
1588,2018-01-23,421.5,1,2018,January
1589,2018-01-24,433.0,1,2018,January
1590,2018-01-25,434.5,1,2018,January
1591,2018-01-26,441.0,1,2018,January
1592,2018-01-29,449.25,1,2018,January
1593,2018-01-30,457.25,1,2018,January
1594,2018-01-31,451.75,1,2018,January
1595,2018-02-01,451.0,2,2018,February
1596,2018-02-02,446.75,2,2018,February
1597,2018-02-05,440.25,2,2018,February
1598,2018-02-06,446.25,2,2018,February
1599,2018-02-07,460.5,2,2018,February
1600,2018-02-08,456.25,2,2018,February
1601,2018-02-09,449.0,2,2018,February
1602,2018-02-12,464.0,2,2018,February
1603,2018-02-13,460.75,2,2018,February
1604,2018-02-14,455.75,2,2018,February
1605,2018-02-15,461.75,2,2018,February
1606,2018-02-16,457.75,2,2018,February
1607,2018-02-18,458.0,2,2018,February
1608,2018-02-19,458.0,2,2018,February
1609,2018-02-20,449.25,2,2018,February
1610,2018-02-21,447.25,2,2018,February
1611,2018-02-22,451.25,2,2018,February
1612,2018-02-23,452.25,2,2018,February
1613,2018-02-26,459.5,2,2018,February
1614,2018-02-27,463.25,2,2018,February
1615,2018-02-28,484.5,2,2018,February
1616,2018-03-01,505.5,3,2018,March
1617,2018-03-02,492.0,3,2018,March
1618,2018-03-05,502.25,3,2018,March
1619,2018-03-06,502.0,3,2018,March
1620,2018-03-07,493.0,3,2018,March
1621,2018-03-08,494.75,3,2018,March
1622,2018-03-09,489.0,3,2018,March
1623,2018-03-12,489.75,3,2018,March
1624,2018-03-13,485.5,3,2018,March
1625,2018-03-14,495.75,3,2018,March
1626,2018-03-15,478.75,3,2018,March
1627,2018-03-16,467.75,3,2018,March
1628,2018-03-19,450.75,3,2018,March
1629,2018-03-20,453.0,3,2018,March
1630,2018-03-21,453.5,3,2018,March
1631,2018-03-22,455.75,3,2018,March
1632,2018-03-23,460.25,3,2018,March
1633,2018-03-26,454.25,3,2018,March
1634,2018-03-27,449.0,3,2018,March
1635,2018-03-28,445.5,3,2018,March
1636,2018-03-29,451.0,3,2018,March
1637,2018-04-02,446.25,4,2018,April
1638,2018-04-03,457.5,4,2018,April
1639,2018-04-04,455.75,4,2018,April
1640,2018-04-05,464.75,4,2018,April
1641,2018-04-06,472.25,4,2018,April
1642,2018-04-09,490.75,4,2018,April
1643,2018-04-10,492.0,4,2018,April
1644,2018-04-11,487.25,4,2018,April
1645,2018-04-12,481.0,4,2018,April
1646,2018-04-13,472.5,4,2018,April
1647,2018-04-16,462.25,4,2018,April
1648,2018-04-17,466.25,4,2018,April
1649,2018-04-18,475.25,4,2018,April
1650,2018-04-19,476.75,4,2018,April
1651,2018-04-20,463.25,4,2018,April
1652,2018-04-23,461.5,4,2018,April
1653,2018-04-24,472.5,4,2018,April
1654,2018-04-25,486.25,4,2018,April
1655,2018-04-26,480.75,4,2018,April
1656,2018-04-27,495.5,4,2018,April
1657,2018-04-30,512.5,4,2018,April
1658,2018-05-01,529.75,5,2018,May
1659,2018-05-02,525.75,5,2018,May
1660,2018-05-03,540.5,5,2018,May
1661,2018-05-04,527.5,5,2018,May
1662,2018-05-07,514.0,5,2018,May
1663,2018-05-08,517.75,5,2018,May
1664,2018-05-09,514.5,5,2018,May
1665,2018-05-10,507.75,5,2018,May
1666,2018-05-11,489.5,5,2018,May
1667,2018-05-14,480.5,5,2018,May
1668,2018-05-15,493.5,5,2018,May
1669,2018-05-16,494.25,5,2018,May
1670,2018-05-17,497.5,5,2018,May
1671,2018-05-18,518.25,5,2018,May
1672,2018-05-21,507.25,5,2018,May
1673,2018-05-22,521.5,5,2018,May
1674,2018-05-23,531.0,5,2018,May
1675,2018-05-24,530.25,5,2018,May
1676,2018-05-25,543.0,5,2018,May
1677,2018-05-28,548.0,5,2018,May
1678,2018-05-29,536.5,5,2018,May
1679,2018-05-30,522.0,5,2018,May
1680,2018-05-31,526.25,5,2018,May
1681,2018-06-01,523.25,6,2018,June
1682,2018-06-04,505.25,6,2018,June
1683,2018-06-05,510.0,6,2018,June
1684,2018-06-06,519.75,6,2018,June
1685,2018-06-07,526.75,6,2018,June
1686,2018-06-08,520.0,6,2018,June
1687,2018-06-11,514.5,6,2018,June
1688,2018-06-12,534.5,6,2018,June
1689,2018-06-13,516.5,6,2018,June
1690,2018-06-14,501.5,6,2018,June
1691,2018-06-15,499.5,6,2018,June
1692,2018-06-18,490.0,6,2018,June
1693,2018-06-19,477.75,6,2018,June
1694,2018-06-20,488.25,6,2018,June
1695,2018-06-21,495.25,6,2018,June
1696,2018-06-22,491.25,6,2018,June
1697,2018-06-25,476.75,6,2018,June
1698,2018-06-26,469.5,6,2018,June
1699,2018-06-27,479.5,6,2018,June
1700,2018-06-28,479.5,6,2018,June
1701,2018-06-29,497.5,6,2018,June
1702,2018-07-02,480.25,7,2018,July
1703,2018-07-03,491.5,7,2018,July
1704,2018-07-05,504.0,7,2018,July
1705,2018-07-06,512.75,7,2018,July
1706,2018-07-09,507.75,7,2018,July
1707,2018-07-10,489.5,7,2018,July
1708,2018-07-11,469.75,7,2018,July
1709,2018-07-12,482.5,7,2018,July
1710,2018-07-13,481.5,7,2018,July
1711,2018-07-16,488.5,7,2018,July
1712,2018-07-17,497.75,7,2018,July
1713,2018-07-18,494.5,7,2018,July
1714,2018-07-19,504.25,7,2018,July
1715,2018-07-20,516.0,7,2018,July
1716,2018-07-23,513.75,7,2018,July
1717,2018-07-24,510.25,7,2018,July
1718,2018-07-25,542.75,7,2018,July
1719,2018-07-26,536.5,7,2018,July
1720,2018-07-27,530.5,7,2018,July
1721,2018-07-30,546.5,7,2018,July
1722,2018-07-31,553.75,7,2018,July
1723,2018-08-01,558.25,8,2018,August
1724,2018-08-02,560.5,8,2018,August
1725,2018-08-03,556.25,8,2018,August
1726,2018-08-06,574.5,8,2018,August
1727,2018-08-07,568.25,8,2018,August
1728,2018-08-08,570.0,8,2018,August
1729,2018-08-09,564.5,8,2018,August
1730,2018-08-10,546.75,8,2018,August
1731,2018-08-13,533.5,8,2018,August
1732,2018-08-14,541.75,8,2018,August
1733,2018-08-15,532.25,8,2018,August
1734,2018-08-16,542.25,8,2018,August
1735,2018-08-17,560.5,8,2018,August
1736,2018-08-20,542.25,8,2018,August
1737,2018-08-21,527.25,8,2018,August
1738,2018-08-22,526.0,8,2018,August
1739,2018-08-23,522.0,8,2018,August
1740,2018-08-24,514.75,8,2018,August
1741,2018-08-27,499.25,8,2018,August
1742,2018-08-28,498.25,8,2018,August
1743,2018-08-29,515.75,8,2018,August
1744,2018-08-30,508.0,8,2018,August
1745,2018-08-31,518.5,8,2018,August
1746,2018-09-03,538.75,9,2018,September
1747,2018-09-04,502.75,9,2018,September
1748,2018-09-05,493.75,9,2018,September
1749,2018-09-06,486.0,9,2018,September
1750,2018-09-07,486.25,9,2018,September
1751,2018-09-10,504.0,9,2018,September
1752,2018-09-11,493.75,9,2018,September
1753,2018-09-12,481.75,9,2018,September
1754,2018-09-13,471.75,9,2018,September
1755,2018-09-14,480.0,9,2018,September
1756,2018-09-17,506.25,9,2018,September
1757,2018-09-18,510.5,9,2018,September
1758,2018-09-19,522.5,9,2018,September
1759,2018-09-20,524.0,9,2018,September
1760,2018-09-21,521.75,9,2018,September
1761,2018-09-24,527.0,9,2018,September
1762,2018-09-25,520.75,9,2018,September
1763,2018-09-26,517.5,9,2018,September
1764,2018-09-27,513.0,9,2018,September
1765,2018-09-28,509.0,9,2018,September
1766,2018-10-01,509.5,10,2018,October
1767,2018-10-02,519.25,10,2018,October
1768,2018-10-03,515.25,10,2018,October
1769,2018-10-04,518.0,10,2018,October
1770,2018-10-05,521.0,10,2018,October
1771,2018-10-08,514.0,10,2018,October
1772,2018-10-09,515.0,10,2018,October
1773,2018-10-10,510.5,10,2018,October
1774,2018-10-11,508.0,10,2018,October
1775,2018-10-12,517.25,10,2018,October
1776,2018-10-15,525.0,10,2018,October
1777,2018-10-16,523.5,10,2018,October
1778,2018-10-17,517.5,10,2018,October
1779,2018-10-18,513.0,10,2018,October
1780,2018-10-19,514.75,10,2018,October
1781,2018-10-22,508.0,10,2018,October
1782,2018-10-23,509.0,10,2018,October
1783,2018-10-24,499.5,10,2018,October
1784,2018-10-25,487.25,10,2018,October
1785,2018-10-26,505.25,10,2018,October
1786,2018-10-29,507.25,10,2018,October
1787,2018-10-30,499.75,10,2018,October
1788,2018-10-31,500.5,10,2018,October
1789,2018-11-01,508.0,11,2018,November
1790,2018-11-02,508.75,11,2018,November
1791,2018-11-05,507.25,11,2018,November
1792,2018-11-06,512.0,11,2018,November
1793,2018-11-07,510.25,11,2018,November
1794,2018-11-08,507.75,11,2018,November
1795,2018-11-09,502.0,11,2018,November
1796,2018-11-12,519.75,11,2018,November
1797,2018-11-13,507.75,11,2018,November
1798,2018-11-14,503.0,11,2018,November
1799,2018-11-15,505.5,11,2018,November
1800,2018-11-16,506.75,11,2018,November
1801,2018-11-19,498.5,11,2018,November
1802,2018-11-20,500.75,11,2018,November
1803,2018-11-21,498.75,11,2018,November
1804,2018-11-22,498.0,11,2018,November
1805,2018-11-23,499.75,11,2018,November
1806,2018-11-26,507.5,11,2018,November
1807,2018-11-27,498.0,11,2018,November
1808,2018-11-28,497.5,11,2018,November
1809,2018-11-29,496.5,11,2018,November
1810,2018-11-30,515.75,11,2018,November
1811,2018-12-03,515.75,12,2018,December
1812,2018-12-04,519.25,12,2018,December
1813,2018-12-05,514.5,12,2018,December
1814,2018-12-06,505.25,12,2018,December
1815,2018-12-07,519.5,12,2018,December
1816,2018-12-10,514.75,12,2018,December
1817,2018-12-11,509.75,12,2018,December
1818,2018-12-12,515.25,12,2018,December
1819,2018-12-13,527.75,12,2018,December
1820,2018-12-14,527.75,12,2018,December
1821,2018-12-17,535.25,12,2018,December
1822,2018-12-18,532.75,12,2018,December
1823,2018-12-19,522.5,12,2018,December
1824,2018-12-20,523.5,12,2018,December
1825,2018-12-21,514.0,12,2018,December
1826,2018-12-24,516.5,12,2018,December
1827,2018-12-26,510.0,12,2018,December
1828,2018-12-27,510.5,12,2018,December
1829,2018-12-28,511.5,12,2018,December
1830,2018-12-31,503.25,12,2018,December
1831,2019-01-02,506.75,1,2019,January
1832,2019-01-03,513.75,1,2019,January
1833,2019-01-04,517.0,1,2019,January
1834,2019-01-07,516.75,1,2019,January
1835,2019-01-08,517.75,1,2019,January
1836,2019-01-09,520.0,1,2019,January
1837,2019-01-10,513.75,1,2019,January
1838,2019-01-11,519.5,1,2019,January
1839,2019-01-14,514.25,1,2019,January
1840,2019-01-15,511.0,1,2019,January
1841,2019-01-16,512.5,1,2019,January
1842,2019-01-17,517.75,1,2019,January
1843,2019-01-18,517.75,1,2019,January
1844,2019-01-20,517.0,1,2019,January
1845,2019-01-21,517.0,1,2019,January
1846,2019-01-22,521.25,1,2019,January
1847,2019-01-23,526.0,1,2019,January
1848,2019-01-24,521.5,1,2019,January
1849,2019-01-25,520.0,1,2019,January
1850,2019-01-28,518.75,1,2019,January
1851,2019-01-29,513.25,1,2019,January
1852,2019-01-30,516.75,1,2019,January
1853,2019-01-31,516.5,1,2019,January
1854,2019-02-01,524.25,2,2019,February
1855,2019-02-04,525.75,2,2019,February
1856,2019-02-05,527.25,2,2019,February
1857,2019-02-06,526.0,2,2019,February
1858,2019-02-07,513.25,2,2019,February
1859,2019-02-08,517.25,2,2019,February
1860,2019-02-11,518.25,2,2019,February
1861,2019-02-12,520.0,2,2019,February
1862,2019-02-13,522.25,2,2019,February
1863,2019-02-14,507.0,2,2019,February
1864,2019-02-15,504.25,2,2019,February
1865,2019-02-17,503.25,2,2019,February
1866,2019-02-18,503.75,2,2019,February
1867,2019-02-19,489.75,2,2019,February
1868,2019-02-20,480.75,2,2019,February
1869,2019-02-21,486.5,2,2019,February
1870,2019-02-22,486.75,2,2019,February
1871,2019-02-25,466.75,2,2019,February
1872,2019-02-26,460.25,2,2019,February
1873,2019-02-27,461.0,2,2019,February
1874,2019-02-28,452.5,2,2019,February
1875,2019-03-01,454.0,3,2019,March
1876,2019-03-04,446.75,3,2019,March
1877,2019-03-05,454.25,3,2019,March
1878,2019-03-06,440.5,3,2019,March
1879,2019-03-07,431.5,3,2019,March
1880,2019-03-08,432.75,3,2019,March
1881,2019-03-11,422.25,3,2019,March
1882,2019-03-12,446.25,3,2019,March
1883,2019-03-13,440.25,3,2019,March
1884,2019-03-14,452.25,3,2019,March
1885,2019-03-15,462.25,3,2019,March
1886,2019-03-18,456.75,3,2019,March
1887,2019-03-19,456.5,3,2019,March
1888,2019-03-20,464.75,3,2019,March
1889,2019-03-21,466.5,3,2019,March
1890,2019-03-22,466.0,3,2019,March
1891,2019-03-25,469.5,3,2019,March
1892,2019-03-26,469.25,3,2019,March
1893,2019-03-27,469.5,3,2019,March
1894,2019-03-28,464.5,3,2019,March
1895,2019-03-29,457.75,3,2019,March
1896,2019-04-01,462.75,4,2019,April
1897,2019-04-02,464.0,4,2019,April
1898,2019-04-03,471.0,4,2019,April
1899,2019-04-04,470.75,4,2019,April
1900,2019-04-05,467.75,4,2019,April
1901,2019-04-08,465.25,4,2019,April
1902,2019-04-09,459.5,4,2019,April
1903,2019-04-10,458.0,4,2019,April
1904,2019-04-11,460.5,4,2019,April
1905,2019-04-12,464.5,4,2019,April
1906,2019-04-15,459.5,4,2019,April
1907,2019-04-16,445.0,4,2019,April
1908,2019-04-17,447.0,4,2019,April
1909,2019-04-18,444.25,4,2019,April
1910,2019-04-19,445.5,4,2019,April
1911,2019-04-22,435.75,4,2019,April
1912,2019-04-23,438.75,4,2019,April
1913,2019-04-24,432.25,4,2019,April
1914,2019-04-25,434.75,4,2019,April
1915,2019-04-26,435.0,4,2019,April
1916,2019-04-29,426.75,4,2019,April
1917,2019-04-30,418.5,4,2019,April
1918,2019-05-01,425.0,5,2019,May
1919,2019-05-02,433.25,5,2019,May
1920,2019-05-03,428.0,5,2019,May
1921,2019-05-06,428.0,5,2019,May
1922,2019-05-07,430.5,5,2019,May
1923,2019-05-08,431.25,5,2019,May
1924,2019-05-09,421.75,5,2019,May
1925,2019-05-10,419.0,5,2019,May
1926,2019-05-13,431.25,5,2019,May
1927,2019-05-14,439.25,5,2019,May
1928,2019-05-15,448.75,5,2019,May
1929,2019-05-16,467.0,5,2019,May
1930,2019-05-17,465.0,5,2019,May
1931,2019-05-20,478.25,5,2019,May
1932,2019-05-21,478.75,5,2019,May
1933,2019-05-22,472.75,5,2019,May
1934,2019-05-23,470.25,5,2019,May
1935,2019-05-24,489.5,5,2019,May
1936,2019-05-26,486.25,5,2019,May
1937,2019-05-28,504.75,5,2019,May
1938,2019-05-29,490.5,5,2019,May
1939,2019-05-30,514.5,5,2019,May
1940,2019-05-31,503.0,5,2019,May
1941,2019-06-03,519.75,6,2019,June
1942,2019-06-04,507.25,6,2019,June
1943,2019-06-05,490.75,6,2019,June
1944,2019-06-06,510.0,6,2019,June
1945,2019-06-07,504.5,6,2019,June
1946,2019-06-10,507.5,6,2019,June
1947,2019-06-11,518.0,6,2019,June
1948,2019-06-12,526.25,6,2019,June
1949,2019-06-13,535.5,6,2019,June
1950,2019-06-14,538.5,6,2019,June
1951,2019-06-17,539.5,6,2019,June
1952,2019-06-18,531.5,6,2019,June
1953,2019-06-19,522.25,6,2019,June
1954,2019-06-20,526.5,6,2019,June
1955,2019-06-21,526.0,6,2019,June
1956,2019-06-24,538.0,6,2019,June
1957,2019-06-25,535.75,6,2019,June
1958,2019-06-26,543.75,6,2019,June
1959,2019-06-27,547.5,6,2019,June
1960,2019-06-28,528.0,6,2019,June
1961,2019-07-01,514.0,7,2019,July
1962,2019-07-02,503.5,7,2019,July
1963,2019-07-03,518.0,7,2019,July
1964,2019-07-05,519.25,7,2019,July
1965,2019-07-08,516.75,7,2019,July
1966,2019-07-09,509.75,7,2019,July
1967,2019-07-10,511.75,7,2019,July
1968,2019-07-11,536.25,7,2019,July
1969,2019-07-12,536.25,7,2019,July
1970,2019-07-15,507.75,7,2019,July
1971,2019-07-16,507.5,7,2019,July
1972,2019-07-17,505.5,7,2019,July
1973,2019-07-18,493.5,7,2019,July
1974,2019-07-19,502.5,7,2019,July
1975,2019-07-22,487.25,7,2019,July
1976,2019-07-23,487.25,7,2019,July
1977,2019-07-24,497.75,7,2019,July
1978,2019-07-25,499.5,7,2019,July
1979,2019-07-26,496.0,7,2019,July
1980,2019-07-29,503.5,7,2019,July
1981,2019-07-30,497.25,7,2019,July
1982,2019-07-31,487.25,7,2019,July
1983,2019-08-01,475.75,8,2019,August
1984,2019-08-02,490.75,8,2019,August
1985,2019-08-05,494.5,8,2019,August
1986,2019-08-06,484.0,8,2019,August
1987,2019-08-07,488.25,8,2019,August
1988,2019-08-08,498.5,8,2019,August
1989,2019-08-09,499.5,8,2019,August
1990,2019-08-12,471.75,8,2019,August
1991,2019-08-13,472.0,8,2019,August
1992,2019-08-14,473.75,8,2019,August
1993,2019-08-15,469.0,8,2019,August
1994,2019-08-16,470.75,8,2019,August
1995,2019-08-19,465.5,8,2019,August
1996,2019-08-20,460.0,8,2019,August
1997,2019-08-21,462.5,8,2019,August
1998,2019-08-22,467.25,8,2019,August
1999,2019-08-23,475.25,8,2019,August
2000,2019-08-26,473.0,8,2019,August
2001,2019-08-27,473.75,8,2019,August
2002,2019-08-28,472.25,8,2019,August
2003,2019-08-29,469.75,8,2019,August
2004,2019-08-30,451.25,8,2019,August
2005,2019-09-03,447.25,9,2019,September
2006,2019-09-04,456.25,9,2019,September
2007,2019-09-05,464.0,9,2019,September
2008,2019-09-06,460.25,9,2019,September
2009,2019-09-09,474.5,9,2019,September
2010,2019-09-10,484.5,9,2019,September
2011,2019-09-11,477.5,9,2019,September
2012,2019-09-12,485.75,9,2019,September
2013,2019-09-13,485.75,9,2019,September
2014,2019-09-16,488.75,9,2019,September
2015,2019-09-17,484.25,9,2019,September
2016,2019-09-18,489.5,9,2019,September
2017,2019-09-19,488.0,9,2019,September
2018,2019-09-20,484.25,9,2019,September
2019,2019-09-23,483.0,9,2019,September
2020,2019-09-24,481.75,9,2019,September
2021,2019-09-25,477.25,9,2019,September
2022,2019-09-26,484.25,9,2019,September
2023,2019-09-27,487.25,9,2019,September
2024,2019-09-30,495.75,9,2019,September
2025,2019-10-01,498.75,10,2019,October
2026,2019-10-02,489.0,10,2019,October
2027,2019-10-03,488.75,10,2019,October
2028,2019-10-04,490.5,10,2019,October
2029,2019-10-07,489.25,10,2019,October
2030,2019-10-08,500.25,10,2019,October
2031,2019-10-09,500.25,10,2019,October
2032,2019-10-10,493.0,10,2019,October
2033,2019-10-11,508.0,10,2019,October
2034,2019-10-14,511.0,10,2019,October
2035,2019-10-15,507.0,10,2019,October
2036,2019-10-16,513.25,10,2019,October
2037,2019-10-17,525.5,10,2019,October
2038,2019-10-18,532.25,10,2019,October
2039,2019-10-21,523.5,10,2019,October
2040,2019-10-22,518.0,10,2019,October
2041,2019-10-23,520.75,10,2019,October
2042,2019-10-24,516.0,10,2019,October
2043,2019-10-25,517.75,10,2019,October
2044,2019-10-28,511.75,10,2019,October
2045,2019-10-29,511.5,10,2019,October
2046,2019-10-30,509.25,10,2019,October
2047,2019-10-31,508.75,10,2019,October
2048,2019-11-01,516.0,11,2019,November
2049,2019-11-04,509.75,11,2019,November
2050,2019-11-05,515.25,11,2019,November
2051,2019-11-06,516.75,11,2019,November
2052,2019-11-07,512.5,11,2019,November
2053,2019-11-08,510.25,11,2019,November
2054,2019-11-11,505.75,11,2019,November
2055,2019-11-12,517.0,11,2019,November
2056,2019-11-13,509.0,11,2019,November
2057,2019-11-14,507.75,11,2019,November
2058,2019-11-15,502.75,11,2019,November
2059,2019-11-18,507.25,11,2019,November
2060,2019-11-19,512.0,11,2019,November
2061,2019-11-20,515.5,11,2019,November
2062,2019-11-21,509.0,11,2019,November
2063,2019-11-22,515.25,11,2019,November
2064,2019-11-25,531.0,11,2019,November
2065,2019-11-26,530.25,11,2019,November
2066,2019-11-27,528.5,11,2019,November
2067,2019-11-28,526.12,11,2019,November
2068,2019-11-29,547.5,11,2019,November
2069,2019-12-02,543.25,12,2019,December
2070,2019-12-03,530.5,12,2019,December
2071,2019-12-04,535.0,12,2019,December
2072,2019-12-05,532.0,12,2019,December
2073,2019-12-06,532.5,12,2019,December
2074,2019-12-09,532.0,12,2019,December
2075,2019-12-10,534.75,12,2019,December
2076,2019-12-11,530.75,12,2019,December
2077,2019-12-12,539.25,12,2019,December
2078,2019-12-13,539.25,12,2019,December
2079,2019-12-16,549.75,12,2019,December
2080,2019-12-17,556.25,12,2019,December
2081,2019-12-18,548.25,12,2019,December
2082,2019-12-19,545.25,12,2019,December
2083,2019-12-20,542.25,12,2019,December
2084,2019-12-23,539.5,12,2019,December
2085,2019-12-24,541.0,12,2019,December
2086,2019-12-25,541.0,12,2019,December
2087,2019-12-26,549.0,12,2019,December
2088,2019-12-27,556.25,12,2019,December
2089,2019-12-30,556.0,12,2019,December
2090,2019-12-31,558.75,12,2019,December
2091,2020-01-01,559.5,1,2020,January
2092,2020-01-02,560.25,1,2020,January
2093,2020-01-03,554.5,1,2020,January
2094,2020-01-06,550.0,1,2020,January
2095,2020-01-07,550.25,1,2020,January
2096,2020-01-08,552.75,1,2020,January
2097,2020-01-09,562.25,1,2020,January
2098,2020-01-10,564.5,1,2020,January
2099,2020-01-13,562.25,1,2020,January
2100,2020-01-14,568.5,1,2020,January
2101,2020-01-15,573.25,1,2020,January
2102,2020-01-16,565.25,1,2020,January
2103,2020-01-17,570.5,1,2020,January
2104,2020-01-19,570.75,1,2020,January
2105,2020-01-20,569.75,1,2020,January
2106,2020-01-21,581.5,1,2020,January
2107,2020-01-22,577.75,1,2020,January
2108,2020-01-23,580.5,1,2020,January
2109,2020-01-24,573.5,1,2020,January
2110,2020-01-27,572.25,1,2020,January
2111,2020-01-28,569.75,1,2020,January
2112,2020-01-29,562.25,1,2020,January
2113,2020-01-30,560.5,1,2020,January
2114,2020-01-31,553.75,1,2020,January
2115,2020-02-03,555.5,2,2020,February
2116,2020-02-04,557.25,2,2020,February
2117,2020-02-05,562.0,2,2020,February
2118,2020-02-06,556.25,2,2020,February
2119,2020-02-07,558.75,2,2020,February
2120,2020-02-10,552.0,2,2020,February
2121,2020-02-11,542.0,2,2020,February
2122,2020-02-12,547.5,2,2020,February
2123,2020-02-13,544.25,2,2020,February
2124,2020-02-14,542.75,2,2020,February
2125,2020-02-16,545.38,2,2020,February
2126,2020-02-18,566.75,2,2020,February
2127,2020-02-19,565.25,2,2020,February
2128,2020-02-20,560.0,2,2020,February
2129,2020-02-21,551.0,2,2020,February
2130,2020-02-24,536.25,2,2020,February
2131,2020-02-25,539.0,2,2020,February
2132,2020-02-26,540.25,2,2020,February
2133,2020-02-27,529.25,2,2020,February
2134,2020-02-28,529.0,2,2020,February
2135,2020-03-02,526.25,3,2020,March
2136,2020-03-03,528.75,3,2020,March
2137,2020-03-04,521.5,3,2020,March
2138,2020-03-05,524.25,3,2020,March
2139,2020-03-06,521.25,3,2020,March
2140,2020-03-09,522.25,3,2020,March
2141,2020-03-10,526.75,3,2020,March
2142,2020-03-11,517.25,3,2020,March
2143,2020-03-12,508.25,3,2020,March
2144,2020-03-13,514.75,3,2020,March
2145,2020-03-16,498.0,3,2020,March
2146,2020-03-17,499.25,3,2020,March
2147,2020-03-18,508.25,3,2020,March
2148,2020-03-19,535.0,3,2020,March
2149,2020-03-20,539.25,3,2020,March
2150,2020-03-23,562.5,3,2020,March
2151,2020-03-24,561.5,3,2020,March
2152,2020-03-25,580.0,3,2020,March
2153,2020-03-26,569.0,3,2020,March
2154,2020-03-27,571.25,3,2020,March
2155,2020-03-30,569.5,3,2020,March
2156,2020-03-31,568.75,3,2020,March
2157,2020-04-01,550.25,4,2020,April
2158,2020-04-02,541.75,4,2020,April
2159,2020-04-03,549.25,4,2020,April
2160,2020-04-06,555.75,4,2020,April
2161,2020-04-07,549.25,4,2020,April
2162,2020-04-08,548.25,4,2020,April
2163,2020-04-09,556.5,4,2020,April
2164,2020-04-10,558.25,4,2020,April
2165,2020-04-13,555.0,4,2020,April
2166,2020-04-14,548.75,4,2020,April
2167,2020-04-15,540.25,4,2020,April
2168,2020-04-16,529.75,4,2020,April
2169,2020-04-17,533.5,4,2020,April
2170,2020-04-20,548.75,4,2020,April
2171,2020-04-21,546.75,4,2020,April
2172,2020-04-22,543.0,4,2020,April
2173,2020-04-23,547.0,4,2020,April
2174,2020-04-24,526.75,4,2020,April
2175,2020-04-27,521.0,4,2020,April
2176,2020-04-28,526.75,4,2020,April
2177,2020-04-29,519.5,4,2020,April
2178,2020-04-30,529.75,4,2020,April
2179,2020-05-01,521.5,5,2020,May
2180,2020-05-04,524.25,5,2020,May
2181,2020-05-05,525.5,5,2020,May
2182,2020-05-06,524.75,5,2020,May
2183,2020-05-07,529.0,5,2020,May
2184,2020-05-08,529.5,5,2020,May
2185,2020-05-11,524.75,5,2020,May
2186,2020-05-12,521.75,5,2020,May
2187,2020-05-13,510.5,5,2020,May
2188,2020-05-14,510.5,5,2020,May
2189,2020-05-15,500.25,5,2020,May
2190,2020-05-18,497.0,5,2020,May
2191,2020-05-19,498.75,5,2020,May
2192,2020-05-20,513.75,5,2020,May
2193,2020-05-21,516.0,5,2020,May
2194,2020-05-22,508.75,5,2020,May
2195,2020-05-24,508.12,5,2020,May
2196,2020-05-25,504.88,5,2020,May
2197,2020-05-26,506.75,5,2020,May
2198,2020-05-27,504.5,5,2020,May
2199,2020-05-28,514.5,5,2020,May
2200,2020-05-29,520.75,5,2020,May
2201,2020-06-01,515.25,6,2020,June
2202,2020-06-02,508.0,6,2020,June
2203,2020-06-03,512.0,6,2020,June
2204,2020-06-04,523.75,6,2020,June
2205,2020-06-05,515.25,6,2020,June
2206,2020-06-08,511.5,6,2020,June
2207,2020-06-09,504.5,6,2020,June
2208,2020-06-10,506.25,6,2020,June
2209,2020-06-11,499.25,6,2020,June
2210,2020-06-12,502.0,6,2020,June
2211,2020-06-15,504.75,6,2020,June
2212,2020-06-16,496.0,6,2020,June
2213,2020-06-17,488.75,6,2020,June
2214,2020-06-18,483.5,6,2020,June
2215,2020-06-19,481.25,6,2020,June
2216,2020-06-22,485.0,6,2020,June
2217,2020-06-23,486.0,6,2020,June
2218,2020-06-24,481.25,6,2020,June
2219,2020-06-25,486.75,6,2020,June
2220,2020-06-26,474.0,6,2020,June
2221,2020-06-29,485.5,6,2020,June
2222,2020-06-30,490.0,6,2020,June
2223,2020-07-01,498.75,7,2020,July
2224,2020-07-02,490.0,7,2020,July
2225,2020-07-06,489.5,7,2020,July
2226,2020-07-07,492.25,7,2020,July
2227,2020-07-08,517.5,7,2020,July
2228,2020-07-09,526.25,7,2020,July
2229,2020-07-10,535.75,7,2020,July
2230,2020-07-13,524.75,7,2020,July
2231,2020-07-14,524.75,7,2020,July
2232,2020-07-15,550.75,7,2020,July
2233,2020-07-16,535.25,7,2020,July
2234,2020-07-17,534.75,7,2020,July
2235,2020-07-20,522.0,7,2020,July
2236,2020-07-21,527.75,7,2020,July
2237,2020-07-22,534.5,7,2020,July
2238,2020-07-23,529.5,7,2020,July
2239,2020-07-24,539.5,7,2020,July
2240,2020-07-27,527.75,7,2020,July
2241,2020-07-28,523.5,7,2020,July
2242,2020-07-29,532.75,7,2020,July
2243,2020-07-30,529.5,7,2020,July
2244,2020-07-31,531.25,7,2020,July
2245,2020-08-03,521.0,8,2020,August
2246,2020-08-04,508.25,8,2020,August
2247,2020-08-05,510.75,8,2020,August
2248,2020-08-06,501.25,8,2020,August
2249,2020-08-07,495.5,8,2020,August
2250,2020-08-10,491.0,8,2020,August
2251,2020-08-11,495.0,8,2020,August
2252,2020-08-12,491.25,8,2020,August
2253,2020-08-13,496.75,8,2020,August
2254,2020-08-14,500.0,8,2020,August
2255,2020-08-17,516.5,8,2020,August
2256,2020-08-18,507.5,8,2020,August
2257,2020-08-19,512.0,8,2020,August
2258,2020-08-20,519.5,8,2020,August
2259,2020-08-21,527.25,8,2020,August
2260,2020-08-24,520.75,8,2020,August
2261,2020-08-25,527.25,8,2020,August
2262,2020-08-26,532.0,8,2020,August
2263,2020-08-27,542.5,8,2020,August
2264,2020-08-28,539.25,8,2020,August
2265,2020-08-31,544.25,8,2020,August
2266,2020-09-01,555.75,9,2020,September
2267,2020-09-02,547.75,9,2020,September
2268,2020-09-03,543.25,9,2020,September
2269,2020-09-04,539.75,9,2020,September
2270,2020-09-08,533.25,9,2020,September
2271,2020-09-09,534.0,9,2020,September
2272,2020-09-10,540.0,9,2020,September
2273,2020-09-11,533.75,9,2020,September
2274,2020-09-14,548.5,9,2020,September
2275,2020-09-15,538.25,9,2020,September
2276,2020-09-16,542.0,9,2020,September
2277,2020-09-17,556.25,9,2020,September
2278,2020-09-18,575.0,9,2020,September
2279,2020-09-21,554.75,9,2020,September
2280,2020-09-22,558.0,9,2020,September
2281,2020-09-23,549.0,9,2020,September
2282,2020-09-24,549.75,9,2020,September
2283,2020-09-25,544.25,9,2020,September
2284,2020-09-28,550.25,9,2020,September
2285,2020-09-29,549.5,9,2020,September
2286,2020-09-30,578.0,9,2020,September
2287,2020-10-01,570.25,10,2020,October
2288,2020-10-02,573.25,10,2020,October
2289,2020-10-05,584.25,10,2020,October
2290,2020-10-06,592.75,10,2020,October
2291,2020-10-07,607.5,10,2020,October
2292,2020-10-08,595.25,10,2020,October
2293,2020-10-09,593.75,10,2020,October
2294,2020-10-12,594.25,10,2020,October
2295,2020-10-13,594.0,10,2020,October
2296,2020-10-14,596.75,10,2020,October
2297,2020-10-15,618.25,10,2020,October
2298,2020-10-16,625.25,10,2020,October
2299,2020-10-19,627.0,10,2020,October
2300,2020-10-20,632.0,10,2020,October
2301,2020-10-21,629.75,10,2020,October
2302,2020-10-22,622.75,10,2020,October
2303,2020-10-23,632.75,10,2020,October
2304,2020-10-26,620.0,10,2020,October
2305,2020-10-27,615.75,10,2020,October
2306,2020-10-28,608.75,10,2020,October
2307,2020-10-29,603.75,10,2020,October
2308,2020-10-30,598.5,10,2020,October
2309,2020-11-02,607.5,11,2020,November
2310,2020-11-03,608.0,11,2020,November
2311,2020-11-04,606.0,11,2020,November
2312,2020-11-05,609.25,11,2020,November
2313,2020-11-06,602.0,11,2020,November
2314,2020-11-09,597.5,11,2020,November
2315,2020-11-10,608.5,11,2020,November
2316,2020-11-11,598.0,11,2020,November
2317,2020-11-12,588.25,11,2020,November
2318,2020-11-13,593.5,11,2020,November
2319,2020-11-16,598.0,11,2020,November
2320,2020-11-17,595.25,11,2020,November
2321,2020-11-18,597.75,11,2020,November
2322,2020-11-19,591.75,11,2020,November
2323,2020-11-20,593.25,11,2020,November
2324,2020-11-23,598.75,11,2020,November
2325,2020-11-24,611.25,11,2020,November
2326,2020-11-25,588.25,11,2020,November
2327,2020-11-26,587.88,11,2020,November
2328,2020-11-27,596.5,11,2020,November
2329,2020-11-30,580.25,11,2020,November
2330,2020-12-01,565.5,12,2020,December
2331,2020-12-02,578.0,12,2020,December
2332,2020-12-03,571.75,12,2020,December
2333,2020-12-04,566.5,12,2020,December
2334,2020-12-07,571.25,12,2020,December
2335,2020-12-08,563.75,12,2020,December
2336,2020-12-09,577.0,12,2020,December
2337,2020-12-10,590.25,12,2020,December
2338,2020-12-11,608.25,12,2020,December
2339,2020-12-14,593.5,12,2020,December
2340,2020-12-15,599.75,12,2020,December
2341,2020-12-16,598.5,12,2020,December
2342,2020-12-17,608.75,12,2020,December
2343,2020-12-18,608.25,12,2020,December
2344,2020-12-21,611.25,12,2020,December
2345,2020-12-22,617.0,12,2020,December
2346,2020-12-23,629.75,12,2020,December
2347,2020-12-24,627.0,12,2020,December
2348,2020-12-25,627.1,12,2020,December
2349,2020-12-28,614.25,12,2020,December
2350,2020-12-29,618.5,12,2020,December
2351,2020-12-30,640.75,12,2020,December
2352,2020-12-31,640.5,12,2020,December
2353,2021-01-01,641.75,1,2021,January
2354,2021-01-04,642.0,1,2021,January
2355,2021-01-05,654.0,1,2021,January
2356,2021-01-06,647.5,1,2021,January
2357,2021-01-07,642.25,1,2021,January
2358,2021-01-08,638.75,1,2021,January
2359,2021-01-11,634.75,1,2021,January
2360,2021-01-12,665.0,1,2021,January
2361,2021-01-13,660.5,1,2021,January
2362,2021-01-14,670.0,1,2021,January
2363,2021-01-15,675.5,1,2021,January
2364,2021-01-19,672.25,1,2021,January
2365,2021-01-20,667.75,1,2021,January
2366,2021-01-21,660.75,1,2021,January
2367,2021-01-22,634.5,1,2021,January
2368,2021-01-25,648.5,1,2021,January
2369,2021-01-26,665.25,1,2021,January
2370,2021-01-27,658.25,1,2021,January
2371,2021-01-28,647.0,1,2021,January
2372,2021-01-29,663.0,1,2021,January
2373,2021-02-01,651.0,2,2021,February
2374,2021-02-02,644.75,2,2021,February
2375,2021-02-03,648.25,2,2021,February
2376,2021-02-04,637.5,2,2021,February
2377,2021-02-05,641.25,2,2021,February
2378,2021-02-08,655.75,2,2021,February
2379,2021-02-09,649.5,2,2021,February
2380,2021-02-10,635.5,2,2021,February
2381,2021-02-11,633.5,2,2021,February
2382,2021-02-12,636.75,2,2021,February
2383,2021-02-14,637.25,2,2021,February
2384,2021-02-15,637.75,2,2021,February
2385,2021-02-16,657.5,2,2021,February
2386,2021-02-17,644.0,2,2021,February
2387,2021-02-18,662.5,2,2021,February
2388,2021-02-19,650.75,2,2021,February
2389,2021-02-22,664.0,2,2021,February
2390,2021-02-23,665.75,2,2021,February
2391,2021-02-24,680.25,2,2021,February
2392,2021-02-25,671.75,2,2021,February
2393,2021-02-26,655.0,2,2021,February
2394,2021-03-01,643.75,3,2021,March
2395,2021-03-02,663.25,3,2021,March
2396,2021-03-03,652.0,3,2021,March
2397,2021-03-04,649.75,3,2021,March
2398,2021-03-05,654.0,3,2021,March
2399,2021-03-08,646.5,3,2021,March
2400,2021-03-09,656.5,3,2021,March
2401,2021-03-10,650.75,3,2021,March
2402,2021-03-11,636.25,3,2021,March
2403,2021-03-12,631.75,3,2021,March
2404,2021-03-15,645.0,3,2021,March
2405,2021-03-16,647.0,3,2021,March
2406,2021-03-17,640.0,3,2021,March
2407,2021-03-18,630.5,3,2021,March
2408,2021-03-19,627.0,3,2021,March
2409,2021-03-22,627.25,3,2021,March
2410,2021-03-23,634.75,3,2021,March
2411,2021-03-24,624.75,3,2021,March
2412,2021-03-25,612.5,3,2021,March
2413,2021-03-26,613.25,3,2021,March
2414,2021-03-29,616.75,3,2021,March
2415,2021-03-30,601.75,3,2021,March
2416,2021-03-31,618.0,3,2021,March
2417,2021-04-01,611.0,4,2021,April
2418,2021-04-05,618.0,4,2021,April
2419,2021-04-06,615.5,4,2021,April
2420,2021-04-07,616.25,4,2021,April
2421,2021-04-08,628.75,4,2021,April
2422,2021-04-09,638.75,4,2021,April
2423,2021-04-12,628.0,4,2021,April
2424,2021-04-13,629.75,4,2021,April
2425,2021-04-14,648.0,4,2021,April
2426,2021-04-15,653.75,4,2021,April
2427,2021-04-16,652.5,4,2021,April
2428,2021-04-19,652.25,4,2021,April
2429,2021-04-20,659.75,4,2021,April
2430,2021-04-21,673.25,4,2021,April
2431,2021-04-22,710.25,4,2021,April
2432,2021-04-23,710.25,4,2021,April
2433,2021-04-26,739.5,4,2021,April
2434,2021-04-27,733.75,4,2021,April
2435,2021-04-28,725.25,4,2021,April
2436,2021-04-29,737.5,4,2021,April
2437,2021-04-30,742.5,4,2021,April
2438,2021-05-03,725.5,5,2021,May
2439,2021-05-04,737.0,5,2021,May
2440,2021-05-05,755.75,5,2021,May
2441,2021-05-06,764.25,5,2021,May
2442,2021-05-07,773.5,5,2021,May
2443,2021-05-10,742.5,5,2021,May
2444,2021-05-11,759.75,5,2021,May
2445,2021-05-12,754.75,5,2021,May
2446,2021-05-13,726.5,5,2021,May
2447,2021-05-14,727.25,5,2021,May
2448,2021-05-17,699.75,5,2021,May
2449,2021-05-18,698.0,5,2021,May
2450,2021-05-19,679.25,5,2021,May
2451,2021-05-20,675.25,5,2021,May
2452,2021-05-21,674.25,5,2021,May
2453,2021-05-24,662.25,5,2021,May
2454,2021-05-25,656.5,5,2021,May
2455,2021-05-26,648.5,5,2021,May
2456,2021-05-27,676.25,5,2021,May
2457,2021-05-28,663.5,5,2021,May
2458,2021-05-30,664.12,5,2021,May
2459,2021-05-31,673.62,5,2021,May
2460,2021-06-01,693.5,6,2021,June
2461,2021-06-02,687.5,6,2021,June
2462,2021-06-03,676.25,6,2021,June
2463,2021-06-04,687.75,6,2021,June
2464,2021-06-07,680.0,6,2021,June
2465,2021-06-08,685.0,6,2021,June
2466,2021-06-09,682.25,6,2021,June
2467,2021-06-10,683.75,6,2021,June
2468,2021-06-11,680.75,6,2021,June
2469,2021-06-14,674.5,6,2021,June
2470,2021-06-15,661.5,6,2021,June
2471,2021-06-16,662.75,6,2021,June
2472,2021-06-17,639.0,6,2021,June
2473,2021-06-18,662.75,6,2021,June
2474,2021-06-21,661.5,6,2021,June
2475,2021-06-22,651.0,6,2021,June
2476,2021-06-23,661.25,6,2021,June
2477,2021-06-24,651.25,6,2021,June
2478,2021-06-25,637.0,6,2021,June
2479,2021-06-28,646.0,6,2021,June
2480,2021-06-29,639.75,6,2021,June
2481,2021-06-30,671.5,6,2021,June
2482,2021-07-01,658.5,7,2021,July
2483,2021-07-02,645.75,7,2021,July
2484,2021-07-06,620.0,7,2021,July
2485,2021-07-07,614.75,7,2021,July
2486,2021-07-08,612.25,7,2021,July
2487,2021-07-09,608.5,7,2021,July
2488,2021-07-12,635.0,7,2021,July
2489,2021-07-13,628.75,7,2021,July
2490,2021-07-14,645.0,7,2021,July
2491,2021-07-15,672.0,7,2021,July
2492,2021-07-16,692.5,7,2021,July
2493,2021-07-19,697.75,7,2021,July
2494,2021-07-20,700.5,7,2021,July
2495,2021-07-21,710.75,7,2021,July
2496,2021-07-22,692.25,7,2021,July
2497,2021-07-23,684.0,7,2021,July
2498,2021-07-26,677.0,7,2021,July
2499,2021-07-27,674.5,7,2021,July
2500,2021-07-28,688.75,7,2021,July
2501,2021-07-29,705.25,7,2021,July
2502,2021-07-30,703.75,7,2021,July
2503,2021-08-02,729.5,8,2021,August
2504,2021-08-03,724.5,8,2021,August
2505,2021-08-04,717.25,8,2021,August
2506,2021-08-05,712.75,8,2021,August
2507,2021-08-06,719.0,8,2021,August
2508,2021-08-09,711.25,8,2021,August
2509,2021-08-10,727.0,8,2021,August
2510,2021-08-11,727.0,8,2021,August
2511,2021-08-12,753.5,8,2021,August
2512,2021-08-13,762.25,8,2021,August
2513,2021-08-16,760.5,8,2021,August
2514,2021-08-17,734.5,8,2021,August
2515,2021-08-18,737.25,8,2021,August
2516,2021-08-19,727.5,8,2021,August
2517,2021-08-20,714.25,8,2021,August
2518,2021-08-23,719.75,8,2021,August
2519,2021-08-24,718.0,8,2021,August
2520,2021-08-25,711.25,8,2021,August
2521,2021-08-26,725.25,8,2021,August
2522,2021-08-27,718.5,8,2021,August
2523,2021-08-30,708.75,8,2021,August
2524,2021-08-31,706.75,8,2021,August
2525,2021-09-01,701.0,9,2021,September
2526,2021-09-02,704.0,9,2021,September
2527,2021-09-03,714.5,9,2021,September
2528,2021-09-06,724.0,9,2021,September
2529,2021-09-07,708.75,9,2021,September
2530,2021-09-08,698.25,9,2021,September
2531,2021-09-09,681.5,9,2021,September
2532,2021-09-10,675.0,9,2021,September
2533,2021-09-13,674.5,9,2021,September
2534,2021-09-14,685.0,9,2021,September
2535,2021-09-15,712.25,9,2021,September
2536,2021-09-16,713.0,9,2021,September
2537,2021-09-17,708.75,9,2021,September
2538,2021-09-20,700.75,9,2021,September
2539,2021-09-21,690.25,9,2021,September
2540,2021-09-22,705.75,9,2021,September
2541,2021-09-23,717.75,9,2021,September
2542,2021-09-24,723.75,9,2021,September
2543,2021-09-27,722.25,9,2021,September
2544,2021-09-28,706.5,9,2021,September
2545,2021-09-29,710.25,9,2021,September
2546,2021-09-30,725.5,9,2021,September
2547,2021-10-01,755.25,10,2021,October
2548,2021-10-04,756.5,10,2021,October
2549,2021-10-05,744.75,10,2021,October
2550,2021-10-06,746.0,10,2021,October
2551,2021-10-07,741.25,10,2021,October
2552,2021-10-08,734.0,10,2021,October
2553,2021-10-11,731.75,10,2021,October
2554,2021-10-12,734.0,10,2021,October
2555,2021-10-13,718.75,10,2021,October
2556,2021-10-14,724.75,10,2021,October
2557,2021-10-15,734.0,10,2021,October
2558,2021-10-18,736.25,10,2021,October
2559,2021-10-19,736.0,10,2021,October
2560,2021-10-20,749.25,10,2021,October
2561,2021-10-21,741.25,10,2021,October
2562,2021-10-22,756.0,10,2021,October
2563,2021-10-25,759.5,10,2021,October
2564,2021-10-26,752.25,10,2021,October
2565,2021-10-27,759.75,10,2021,October
2566,2021-10-28,772.5,10,2021,October
2567,2021-10-29,772.75,10,2021,October
2568,2021-11-01,797.25,11,2021,November
2569,2021-11-02,791.5,11,2021,November
2570,2021-11-03,781.0,11,2021,November
2571,2021-11-04,773.75,11,2021,November
2572,2021-11-05,766.5,11,2021,November
2573,2021-11-08,768.0,11,2021,November
2574,2021-11-09,778.5,11,2021,November
2575,2021-11-10,803.0,11,2021,November
2576,2021-11-11,812.5,11,2021,November
2577,2021-11-12,817.0,11,2021,November
2578,2021-11-15,826.25,11,2021,November
2579,2021-11-16,810.25,11,2021,November
2580,2021-11-17,822.25,11,2021,November
2581,2021-11-18,823.0,11,2021,November
2582,2021-11-19,823.0,11,2021,November
2583,2021-11-22,845.75,11,2021,November
2584,2021-11-23,856.0,11,2021,November
2585,2021-11-24,836.75,11,2021,November
2586,2021-11-26,825.5,11,2021,November
2587,2021-11-29,807.5,11,2021,November
2588,2021-11-30,773.75,11,2021,November
2589,2021-12-01,778.5,12,2021,December
2590,2021-12-02,806.5,12,2021,December
2591,2021-12-03,794.5,12,2021,December
2592,2021-12-06,797.0,12,2021,December
2593,2021-12-07,799.25,12,2021,December
2594,2021-12-08,791.25,12,2021,December
2595,2021-12-09,773.5,12,2021,December
2596,2021-12-10,782.0,12,2021,December
2597,2021-12-13,785.5,12,2021,December
2598,2021-12-14,786.25,12,2021,December
2599,2021-12-15,756.0,12,2021,December
2600,2021-12-16,770.5,12,2021,December
2601,2021-12-17,775.0,12,2021,December
2602,2021-12-20,777.75,12,2021,December
2603,2021-12-21,799.0,12,2021,December
2604,2021-12-22,814.0,12,2021,December
2605,2021-12-23,814.75,12,2021,December
2606,2021-12-24,815.8,12,2021,December
2607,2021-12-27,804.0,12,2021,December
2608,2021-12-28,783.5,12,2021,December
2609,2021-12-29,787.75,12,2021,December
2610,2021-12-30,779.75,12,2021,December
2611,2021-12-31,770.75,12,2021,December
